author,text,published_at,like_count,cluster
user_118,udah rs loe capek ngomong sm orang kaya sil r buang sm energi,2025-05-26T03:11:47Z,0,8
user_127,persiapkan rs cs hunian baju orange gratiss negara selamat,2025-05-25T16:33:41Z,0,8
user_358,rs rrss tf,2025-05-16T12:54:39Z,0,8
user_453,bahaya kredibilitas ugm terbukti analisa tim rs,2025-05-12T14:13:55Z,0,8
user_483,si panci rs masuk penjara,2025-05-11T14:30:58Z,0,8
user_564,menampar muka rs gak dipenjara lho,2025-05-09T15:23:25Z,0,8
user_1059,kalo rs nangis sih wkkwk,2025-05-08T04:07:43Z,0,8
user_1078,konsultasi kejiwaan tepatnya rs,2025-05-07T17:21:50Z,0,8
user_1078,rs dibenci mahasiswa ugm,2025-05-07T16:51:42Z,0,8
user_1124,percaya double rs roy suryo rismon sianipar ahli bidangnya almamater ugm,2025-05-07T05:17:42Z,0,8
user_1261,mengoreksi orang rs menyanyikan lagu indonesia raya,2025-05-05T10:44:05Z,0,8
user_1471,sangar x rs bodat bah,2025-05-03T04:15:00Z,0,8
user_1645,hemmmmm klo palsu lucu lucu hadehhh lucu rs,2025-05-02T00:30:02Z,0,8
user_2061,ugm kuliti rs skripsi dokumen rahasia kampus,2025-04-29T18:08:28Z,0,8
user_2435,dasar manusia pancir rs,2025-04-28T11:51:44Z,0,8
user_2457,si rs ijasah yg beredar paslu yg asli pegang jokowi bnyak masyarakat gak paham blunder niat jahat rs manfaatkan situasi sendir tampil tv,2025-04-28T10:07:21Z,0,8
user_2457,tangkap rs,2025-04-28T09:56:34Z,0,8
user_2508,penjarakan rs terbukti fitnah,2025-04-28T06:55:28Z,0,8
user_2601,bingung liat si rs aduh gk logis bgt duh kau muncul tv tp gk kemampuan aja rakyat eneg liat kau rs yg tontonan masyarakat gimana moral bangsa kalo rs rs,2025-04-27T23:50:30Z,0,8
user_2601,rs keras kepala batu mah rs aja yg lapor kalo bukti mah jgn desak desak orang palsu palsu aja mu tp gk buktikan udah rs kalo kau mah kau lapor polisi nol zonk lho rs aduh,2025-04-27T23:45:58Z,0,8
user_2672,yg ngebantah argumenya bang rs,2025-04-27T18:32:10Z,0,8
user_2884,udah kayak pelawak rs,2025-04-27T13:52:03Z,0,8
user_3302,rs tuduhkan pasal acara tuduhkan pasal,2025-04-27T02:24:08Z,0,8
user_3426,rs pelacur,2025-04-26T21:57:58Z,0,8
user_4258,rs cerdas,2025-04-26T08:35:33Z,0,8
user_4540,rs balikin panci aje,2025-04-26T04:38:02Z,0,8
user_4660,kta bohongi dgn rs,2025-04-26T03:07:40Z,0,8
user_4885,lembaga kesalahan gas duo rs dkk,2025-04-25T23:20:30Z,0,8
user_5284,rs semamgatttttt sy dukung,2025-04-25T16:12:04Z,4,8
user_5384,rs selon abisss haha sm mukanya ngga santai,2025-04-25T15:32:22Z,0,8
user_5702,acara aiman duluan bang karni ketinggalan cerita nya sebentar lg manusia silver membantah rs,2025-04-25T13:23:17Z,0,8
user_5711,rs masuk penjara kasihan th aja,2025-04-25T13:20:53Z,0,8
user_5870,rs nangis,2025-04-25T12:03:02Z,0,8
user_5886,dg penjelasan bang rs ijazah jokowi palsu,2025-04-25T11:56:24Z,1,8
user_5870,rs menyesal,2025-04-25T11:53:31Z,0,8
user_5929,kebohongan lari secepat kilat kebenaran mengalahkannya bravo rs rss,2025-04-25T11:35:04Z,0,8
user_5982,kl yg bilang ijazah jokowi asli akalnya gak sehat periksa rs jiwa,2025-04-25T10:59:38Z,1,8
user_6114,sebelah tidk bukti dn alibi unt mengcounter rs bicara ngalor ngidul gak berbobot,2025-04-25T09:25:46Z,0,8
user_6153,sy bikin skripsi dosen pembimbing sy jg tdk sy emang wajib kasih hai rs hati ketawamu jd harimaumu,2025-04-25T08:55:04Z,0,8
user_6153,rs mo balas dendam ya,2025-04-25T08:50:03Z,0,8
user_6221,kebencian rs,2025-04-25T08:10:21Z,0,8
user_6565,ga level rs vs silveater jauuuuuuuhhhhh kualitasny,2025-04-25T05:47:11Z,0,8
user_6604,hitam bola mata rs pertanda,2025-04-25T05:30:56Z,0,8
user_7097,rs rs rs,2025-04-25T00:40:20Z,0,8
user_7097,rs rs rs,2025-04-25T00:39:39Z,0,8
user_7228,rs mulut,2025-04-24T23:28:26Z,0,8
user_7313,lawan bicara rs bawa bukti ijazahnya mul,2025-04-24T22:31:41Z,0,8
user_7585,rs pakar diatas pakar biar orang smua kaitkan smua palsu teori nya sampe binasa ntar,2025-04-24T18:59:36Z,0,8
user_7710,mantap rs dkk semangat trus,2025-04-24T18:03:48Z,13,8
user_7742,rs katakatanya karet wkwkkww,2025-04-24T17:53:43Z,0,8
user_7893,mantap bang rs dkk semoga allah melindungi,2025-04-24T17:06:34Z,2,8
user_7604,rs salam panci hordeng,2025-04-24T17:00:22Z,0,8
user_8094,sya rs,2025-04-24T16:27:47Z,0,8
user_8169,otak udang rs,2025-04-24T16:14:28Z,0,8
user_8109,biar rs penjara,2025-04-24T16:12:08Z,0,8
user_8243,gk pnya kerjaan lg mgkn rs mk ny ribut ngurusin ijzh jkw,2025-04-24T16:00:40Z,1,8
user_8694,maju trus rs jgn hiraukan omongan silve pembela jkw,2025-04-24T14:39:34Z,0,8
user_9083,pingin lihat rs masuk penjara pura sakit kyk yg sdh menteri panci wkwkwkwk,2025-04-24T13:35:23Z,0,8
user_9520,top rs,2025-04-24T12:17:13Z,0,8
user_9724,ijazah orang digugat palsu si rs,2025-04-24T11:35:31Z,0,8
user_9850,rs senyum wae,2025-04-24T11:23:02Z,0,8
user_9987,semangat berjuang rs dr tifa bang rizal,2025-04-24T10:52:17Z,0,8
user_10080,rs tf rm cari panggung ijazah palsu jokowi,2025-04-24T10:25:56Z,0,8
user_10208,rs rsm tt rf dkk semoga sehat,2025-04-24T10:05:23Z,1,8
user_10450,rs mringis kayak kepedean tunggu aja pengadilan ya dewa panci,2025-04-24T09:19:33Z,0,8
user_10531,waras kalah lawan bang rs,2025-04-24T09:02:37Z,0,8
user_10549,buah dr pokoknya mudah mudahan anak rs tdk suka mengambil panco yg,2025-04-24T08:59:30Z,0,8
user_10889,mas rs dkk cerdas asli lulusan ugm,2025-04-24T08:00:38Z,0,8
user_11037,rs tuh anteng aja ketawa mulu pdhl dilaporin,2025-04-24T07:39:14Z,0,8
user_11666,bukti kejanggalan rs m sya percaya rs,2025-04-24T06:23:51Z,0,8
user_11839,rs inasa,2025-04-24T06:03:06Z,0,8
user_12063,karni sampe ketawa senyum rs silahkan simpulkan netizen,2025-04-24T05:37:37Z,0,8
user_12139,haha rs hafal lagu indonesia raya wkwk bilang hafal dosen pembimbing cari tau,2025-04-24T05:28:02Z,0,8
user_12789,rs dr t rf rs fantastic four,2025-04-24T04:19:04Z,0,8
user_12974,s narasi tanpai science rs pakai science yg bekembang,2025-04-24T04:02:17Z,0,8
user_12990,rs karma mu udah,2025-04-24T04:00:32Z,0,8
user_13318,ya sekolah bersangkutan berhak dibilangi sekolah sekelas ugm sekolah lulus disitu gak percaya hati hati anaknya sekolah kena orang seprti rs sekolah lembaga kalah rs besok rame legalisir rs yaaa aja,2025-04-24T03:34:12Z,0,8
user_13323,semangat rs akal sehat bpk cs maju lawan,2025-04-24T03:34:02Z,0,8
user_13695,semangat pa rs,2025-04-24T03:02:57Z,0,8
user_13758,lanjutkan rs,2025-04-24T02:57:03Z,0,8
user_14082,ternak mulyono alumni kampus ruko ga level rs,2025-04-24T02:21:12Z,0,8
user_14265,roy surya lawan jls beliau pakarnya sehat pa rs,2025-04-24T01:39:18Z,77,8
user_14280,gaspool bang rs,2025-04-24T01:32:21Z,10,8
user_1,cengengesan rs cs masyarakat,2025-06-01T16:11:05Z,0,8
user_1,klo palsu atw asli tujuan rs cs,2025-06-01T16:08:50Z,0,8
user_1,masyarakat yg masyarakat yg kena provo rs cs,2025-06-01T16:05:26Z,0,8
user_14,tergolong ringan bikin berat rs cs,2025-05-30T09:13:17Z,0,8
user_87,bilang rakyat asli rs bacodmu aja yg kepo,2025-05-26T16:42:26Z,0,8
user_123,sy rs dkk bkn sekedar ijazah disitu sd prof kadrun es,2025-05-25T09:02:33Z,0,8
user_145,muak kali liat muka rs,2025-05-24T11:06:55Z,0,8
user_150,rs playing victim,2025-05-24T06:52:03Z,0,8
user_279,dukungan berempat rs orang bersihkan preman nyata indonesia lho bang roy,2025-05-21T18:39:54Z,0,8
user_280,rs orang sakit jiwa ngeriiii,2025-05-21T18:00:13Z,0,8
user_291,rs ahli bokep,2025-05-21T14:30:02Z,0,8
user_362,rs mencari cari kesalahan yg namnya pembenci dibolak dpt kesalahannya emang rs cs udh sempurnah,2025-05-21T00:29:38Z,0,8
user_399,gak sabar liat kmu roy make rompi kuning klinya jgn pura skit dadakan ya rs dkk,2025-05-20T14:05:06Z,0,8
user_672,klu masarakat memonis menilai bpak rs pidanakan jlas udah bikin heboh niat nya,2025-05-17T21:34:39Z,0,8
user_810,pa rs cs kerjaan,2025-05-16T10:08:10Z,0,8
user_820,biar msrkat yg mnilai sy masrkat mnilai rs orng krg krjaan,2025-05-16T08:45:51Z,0,8
user_845,gaya bicaranya rs dendam ksumat jokowi,2025-05-16T04:22:19Z,0,8
user_851,sekelas rs segitu sanggup hadapi strategi diam santai jokowi,2025-05-16T02:43:10Z,0,8
user_854,pemasukan utk rs krna bgtu smangtnya dlm mslh,2025-05-16T02:22:12Z,0,8
user_862,kubu rs cs lakukan tujukan kubunya rs cs jokowi cs,2025-05-16T00:53:15Z,0,8
user_895,rs pinter ngomong hihihi,2025-05-15T16:03:25Z,0,8
user_901,rakyat mendukung rs mencari kebenaran,2025-05-15T15:33:42Z,0,8
user_907,elo yg kepo teman mu rs,2025-05-15T14:58:27Z,0,8
user_912,rs kerjaan rs aneh,2025-05-15T14:29:43Z,0,8
user_922,uwong nggethingne rs,2025-05-15T13:17:54Z,0,8
user_937,masuk penjara rs orang sok pintar nya pintar salah jokowi dirimu benci dngn beliau mulut manis hati busuk si rs udah sikatttt kasih epek jera ne orang sabar batas nya,2025-05-15T11:20:11Z,0,8
user_996,biarpun asli persen rs cs tetep tdk percaya,2025-05-15T01:34:11Z,0,8
user_1010,horèeeè tangkep jeblosin tuh rs kroni aamiin,2025-05-14T23:10:05Z,0,8
user_1035,nusa kembangan menunggu rs,2025-05-14T16:17:33Z,0,8
user_1069,nenek penjarakan urus fitnah jokowi ya klompok masyarakat menilai ya rs cs tukang fitnah,2025-05-14T13:34:33Z,0,8
user_1115,rs dendamnya membara akibat pecat jokowi menteri krn tdk pantasnya dijebloskan penjara indonesia bebas kegaduhan,2025-05-14T09:58:30Z,0,8
user_1126,weleh weleh ugm dicurigai habis kah jualan panci dah ga laku mas rs,2025-05-14T08:29:09Z,0,8
user_1134,kaya ratna sarumpaet yak inisial rs,2025-05-14T08:01:43Z,0,8
user_1157,ahhh emang sakit turunan tu rs dkk tenggelam aj kau bikin ribut aj,2025-05-14T05:24:55Z,0,8
user_1231,murid durhaka ni rs,2025-05-13T18:46:52Z,0,8
user_1236,rs dkk wajib dikirim nusa kambangan,2025-05-13T17:32:05Z,0,8
user_1262,rs yo pe kk ngene ki angeeeeel angel,2025-05-13T14:35:43Z,0,8
user_1515,ugm hak menuntut rs cs angeet ni ngawal nambh wawasan,2025-05-12T13:27:07Z,0,8
user_1524,penjarakan rs bikin pikiran bangsa runyam rs negeri berbagaya ketentraman negeri,2025-05-12T12:35:46Z,0,8
user_1573,yg rs mengikuti aliran sesat matanya yg hitam,2025-05-12T07:35:48Z,0,8
user_1587,wajar pidanakankar ulah mulutmu jahat jokowidodo rs cs pidanakan,2025-05-12T04:10:12Z,0,8
user_1597,tangkap rs seharus ugm menuntut rs merusak nama ugm,2025-05-12T02:39:23Z,0,8
user_1597,tangkap adili periksa org dibelakang rs menghina negara harap tangkap ditahan,2025-05-12T02:31:26Z,0,8
user_1630,cangkeme rs cangkem reseng,2025-05-11T21:57:40Z,0,8
user_1664,rs ngeles,2025-05-11T15:49:54Z,0,8
user_1673,pengen liat rs cs ngoceh ketawa dipengadilan,2025-05-11T14:51:55Z,0,8
user_1721,hakmu rs lihat ijasah orang,2025-05-11T10:24:49Z,0,8
user_1758,rs keliatan panik apanya yg lucu sur masyarakat berharap yg melanggar hukum hrs diadili,2025-05-11T06:28:54Z,0,8
user_1782,rs kyak bingung ketakutan gitu sihhh sabarr semangat trussss pakkkk,2025-05-11T04:28:52Z,0,8
user_1925,masy percaya jkw rs dkk tinggal ind ri,2025-05-10T12:19:23Z,1,8
user_1942,rs byar berpa,2025-05-10T10:53:58Z,0,8
user_1947,mulut rs resmi ngeyek,2025-05-10T10:34:52Z,0,8
user_1972,sy cm rs sertifikat pakar ahli jg,2025-05-10T08:39:28Z,0,8
user_1994,rs licik aj truus lu anjiiir,2025-05-10T06:41:56Z,0,8
user_2017,sidangkan dugaan ijazah palsu ijazahnya asli pengadilan automatis rs cs pristiwa hukum,2025-05-10T05:22:38Z,0,8
user_2092,halo rs biar masyarakat menilai tuntutan pengadilan pencemaran nama bro,2025-05-10T00:03:06Z,0,8
user_2153,hatinya deg degan rs,2025-05-09T16:07:24Z,0,8
user_2252,nya duo rs masuk penjara engkau sombong perpecahan,2025-05-09T09:27:08Z,1,8
user_2260,rs cs berani memikirkan akibatnya,2025-05-09T08:56:52Z,0,8
user_2335,rs slalu mencari cari kesalahan orang menganggap,2025-05-09T04:33:16Z,0,8
user_2552,rs kalo msk penjara jngn bedakan maling ayam kambing copet begal krn uang pkealsn rakyat bohong rs rakyat,2025-05-08T11:11:18Z,0,8
user_2706,menuduh membuktikan lho om rs etis mengadu domba masyarakat jkw krn kelemahan argumennya,2025-05-07T22:55:57Z,0,8
user_2722,negara berlomba kemajuan bangsa koq jalan mundur peemasalahkan ijazah rs gk sertifikat ahli ngaku ahli,2025-05-07T21:58:03Z,0,8
user_2813,bang rs double forensiknya rs dkk kena penjara krn alat hukum sdh terkooptasi berantai kuat menyandera dg si mulyono kasihan dg rs dkk berjuang dlm kubangan menjernihkan air kotor ayo rakyat indonesia dimana,2025-05-07T16:11:02Z,0,8
user_2817,rs kawan kawan tidur nyenyak,2025-05-07T16:09:05Z,0,8
user_2832,dibenjarakan salah kakek rs,2025-05-07T15:36:34Z,0,8
user_2899,orang bodoh jokowi mempidanakan ibuk mulut ibuk adab rs cari selamat,2025-05-07T14:39:00Z,0,8
user_2917,rs cs pemecah anak bangsa orang dimusnahkan,2025-05-07T14:26:25Z,0,8
user_3158,jokowi berhak ijasahnya krn hak pribadi rs kewenangan memaksa org identitas,2025-05-07T09:54:09Z,0,8
user_3209,rs ketar ketir ngomong bukti,2025-05-07T08:49:49Z,0,8
user_3260,rs akademiso abal tol,2025-05-07T07:38:47Z,0,8
user_3285,ciri khas rs cengar cengir pengen muntah lihat mukanya,2025-05-07T06:55:44Z,0,8
user_3295,gk ngerti tujuan utama rs sih palsu ruginya rs asli rs memfitnah,2025-05-07T06:54:17Z,0,8
user_3389,penjaraka rs dkk terbukti ijazah jokowi asi kasih ampun biar terulang mantan napi korup ambil panggung,2025-05-07T04:56:16Z,0,8
user_3511,berani berbuat bseani tanggung jawap rs galih lovbangmu s ed ndiri,2025-05-07T01:34:15Z,0,8
user_3591,ngapain rs ngurus ijazah orang,2025-05-06T21:44:18Z,0,8
user_3598,nggak rs dkk aja bermasalah,2025-05-06T20:48:45Z,0,8
user_3636,rs penakut,2025-05-06T18:29:35Z,0,8
user_3644,duo rs bersebrangan jesica wongso,2025-05-06T17:58:02Z,0,8
user_3669,pa rs tujuan,2025-05-06T17:02:42Z,0,8
user_3684,rs pakar telematika yg cmn gara dosen d yg dihapus programnya ugm pemuda indo usia thn hebat rs rs semut yg modal media kumpulan kumpulan semut,2025-05-06T16:26:49Z,0,8
user_3686,kelompok rs takut penjara hahhaha panik yaaahhh,2025-05-06T16:23:15Z,0,8
user_3721,logikanya om rs orang no sembarangan ijazah hadehh,2025-05-06T15:15:50Z,0,8
user_3805,jokowi tdk urgensinya memperlihatkn ijazahnya mmg rakyat sgt setuju periksa penjarskan rs kawan nya,2025-05-06T13:30:29Z,0,8
user_3818,rs yg kerjaan rs alat sby menjungkir balikkan jokowi balas dendam,2025-05-06T13:12:14Z,0,8
user_3944,rs masukkan rsjiwa,2025-05-06T10:23:09Z,0,8
user_3990,roy suryo pd gk bersalah rs cs panik tunggu aja ganti baju orange,2025-05-06T08:57:26Z,0,8
user_4058,rs menggonggong jejak digital membohongi jokowi tetapdi hati,2025-05-06T06:37:21Z,0,8
user_4105,sdr rs sy jg meragukan aslian rs jngn org nuduh palsu mk palsu jg,2025-05-06T05:04:47Z,0,8
user_4109,down duluan rs dah blm masuk hotel pordeo kepo ijasah orang ahli abal,2025-05-06T04:52:22Z,0,8
user_4140,rs msh dgn pedenya ngerasa bersalah penipuan ujaran kebencian pencemaran nama udah jd bola api liar dimasyarakat trus untungnya gtu loh haknya juĝa rs ijasahnya org ex presiden klo palsu ga sampe distop ga mgkn menjabat jd walikota kpu sekelas seh rs sampe jokowi ijasahnya ato skripsi kyk bener aja wes fix penjara rs dkk,2025-05-06T04:01:10Z,0,8
user_4219,doubel rs otaknya bebel,2025-05-06T01:21:53Z,0,8
user_4243,urusan nya rs jokowi bongkar izasah cari kesalahan org giliran laporin kelabakan,2025-05-06T00:39:35Z,0,8
user_4260,rs kumpulan sengkuni bantu mikir biar ekonomi bangsa dak mikir yg udah,2025-05-06T00:02:19Z,0,8
user_4377,mamposs loe kelojotan rs cs,2025-05-05T18:01:35Z,0,8
user_4411,gax nunjukin ijazah asli namanyaanta presiden org pintar kalo tunjukin ijaza aslinya ya rs tdak koar,2025-05-05T16:38:47Z,0,8
user_4431,rs tidur an dirumah nestapa,2025-05-05T15:58:22Z,0,8
user_4462,rs tameng,2025-05-05T15:35:46Z,0,8
user_4520,argument rs masyrakat geram hai rs mantan mentri yg malu adaa wibawa bacot loh ahrimau mu,2025-05-05T14:26:46Z,0,8
user_4520,ijazah jokowi dianggap palsu prabowo nya rs dkk,2025-05-05T14:23:51Z,0,8
user_4520,rs gak malu otaknya gak terpakai bisanya menfitnah menyebar kebencian hukum ditegakkan penyebar fitnah rs dkk menfitnah kejam pembunuh pengadilan ijazah asli masyarkat hukum mati menfitnah kejam membunuh biar rs kawan kawannya tu,2025-05-05T14:21:28Z,0,8
user_4520,rs gak ijazah jokowi rs walikota gubenur presiden priode rs dkk mencemarkan nama menyebar kebencian menyebar kebencian rs dkk bikin keributan kegaduhan mantan metri solusi utk negara rakyat mendukung rs kawan kawan penjara biar m mbusuk penjara,2025-05-05T14:16:54Z,0,8
user_4657,lucu denger penjelasan rs bocil ep ep dunggu,2025-05-05T11:59:21Z,0,8
user_4738,bahasanya rs tersirat ketar ketir,2025-05-05T08:23:38Z,0,8
user_4865,rs terima aja klo dipenjara pasrah aja cerita,2025-05-05T03:26:01Z,0,8
user_4874,rs pakar isu hasut menyebarkan hoaks kemasyarakat publik luas,2025-05-05T02:52:49Z,1,8
user_4939,cocote rs blegedes,2025-05-05T00:51:07Z,0,8
user_4948,udah playing victim si rs,2025-05-05T00:32:34Z,0,8
user_5025,muka roy s sembab tanda suasana batinnya gundah omongan nya mencla mencle emak dipasar senang rs masuk murid lp dr tifa rs satunya,2025-05-04T19:43:29Z,0,8
user_5151,klo anakku kau rs udah selesai,2025-05-04T15:14:35Z,0,8
user_5207,rs merembet skripsi skripsi nih aja si rs cari kesalahan p jokowi bgmpun melanggar akal sehat,2025-05-04T14:30:14Z,0,8
user_5207,rs tifa aib ugm emangnya rs p jokowi tunjukan ijazahnya p jokowi sbg presiden tdk melaporkan rakyatnya,2025-05-04T14:23:58Z,0,8
user_5271,pepesan kosong drama rs,2025-05-04T13:38:17Z,0,8
user_5624,orang rs kk dikasih nkri memecah belah anak bangsa,2025-05-04T05:27:14Z,0,8
user_5690,rs uda takut jgn bawa nama masyarakat utk tameng masyk penjara,2025-05-04T03:53:48Z,0,8
user_5696,hhhhhh sombong bener rs,2025-05-04T03:35:49Z,0,8
user_5728,rs kawan tu cari apaaa situ rakyat menilai sarjana goblok,2025-05-04T02:55:10Z,0,8
user_5807,ketakutan rs mw perempuan mw kl bersalah memfitnah penjara seumur hidau gk yg kebal hukum kl siri perempuan ya jgn mencemarkan nama enak aja rs dkk ketakutan,2025-05-04T00:47:13Z,0,8
user_5840,jkw bersabar dr dituduh ijazah nya palsu skrg panas mmg pengadilan nya jalan terang benderang berlarut larut ugm kpu hrs membuktikannya jkw gak menunjukan ijazah nya asli rs cs rs cs bui kriminalisasi krn yg menyebarkan nya media,2025-05-03T23:56:08Z,0,8
user_5846,ngomong ngedabrus si rs,2025-05-03T23:44:10Z,0,8
user_5992,kko rs,2025-05-03T16:45:02Z,0,8
user_6039,masyarakat menilaiii rs,2025-05-03T15:40:27Z,0,8
user_6051,rs meneliti video gisel hasilnya salah analisa rs meneliti ratna sarumpaet hasilnya salah analisa rs meneliti panci inventaris hasilnya analisanya lgsg dibawa pulang,2025-05-03T15:27:20Z,0,8
user_6068,ragu rs,2025-05-03T15:06:01Z,0,8
user_6069,rs taek,2025-05-03T15:04:40Z,0,8
user_6074,rs sok tau menjustice,2025-05-03T15:00:33Z,0,8
user_6117,rs cs masuk penjara teriak kriminalisasi,2025-05-03T14:14:00Z,0,8
user_6131,rs berlindung ketiak ibu² rs coba hafal lagu indonesia raya terpilih apalah jgn bikin malu rakyat indonesia jd mentri olah raga,2025-05-03T14:08:12Z,0,8
user_6185,klau rs bener dpat dri msyrkt jdi presiden menggantikn pk prabowo,2025-05-03T13:12:13Z,0,8
user_6255,yakinlah klu rs penjara,2025-05-03T12:43:40Z,0,8
user_6266,diliat rs cengar cengir mimik kebenaran kewaspadaan,2025-05-03T12:33:24Z,0,8
user_6365,wajah rs panik,2025-05-03T11:20:19Z,0,8
user_6425,orang rs emng masuk kepenjara,2025-05-03T10:25:03Z,0,8
user_6426,sombong x rs rs smoga rs rs keangkuhanya reda,2025-05-03T10:24:53Z,0,8
user_6451,rs roh setan,2025-05-03T10:00:39Z,0,8
user_6468,publik msh mendukung rs rsh dkk pkkx ttp bogar,2025-05-03T09:48:23Z,0,8
user_6488,masyarakat senang pastix klu rs es dr t dll dipenjarakan karna gak manfaatx bangsa negara,2025-05-03T09:33:22Z,0,8
user_6488,rakyat kelompok rs dkk penjarakan emangx jokowi hrs menunjukan ijasahx ngawur aja,2025-05-03T09:17:02Z,0,8
user_6537,rs krangkeng,2025-05-03T08:50:14Z,0,8
user_6781,rs penjara nya konsekwensi,2025-05-03T05:56:15Z,0,8
user_6802,rs masuk penjara udah haduh pencemaran nama priode ko bru skrg senggol,2025-05-03T05:47:30Z,0,8
user_6826,yaelah cape bener ppak rs duit ya,2025-05-03T05:38:13Z,0,8
user_6879,rs klo sepak bola sm kaya si twl,2025-05-03T04:56:35Z,0,8
user_6906,jengkel lihat mukanya rs,2025-05-03T04:40:16Z,0,8
user_6903,ztuhanntidak membiarkan orang nyinyir rs dkk menang amin,2025-05-03T04:34:32Z,0,8
user_6903,bagus gundul mu rs kepingin trnarvtapi maaf rakyat simpati mu semoga tamat politikmu amin,2025-05-03T04:32:26Z,0,8
user_7113,halah opoooo kontribusinya rs dll muak aq kayak gak kerjaan ajah,2025-05-03T02:33:53Z,0,8
user_7160,masuk ugm ga mudah klo ga pinter tujuan rs coba cari sensasi hehe biar kapok rs,2025-05-03T02:03:31Z,0,8
user_7181,alasan rs tdk mendasar sy sbgai masyarakat mendukung spy laporkan,2025-05-03T01:50:20Z,0,8
user_7221,rs singkatan rutan salemba semoga,2025-05-03T01:29:23Z,1,8
user_7337,rs gini aja udah playing victim kocak,2025-05-03T00:17:49Z,0,8
user_7379,aura orennya ni rs,2025-05-02T23:54:40Z,0,8
user_7559,mampus lhoo berak loe penjara rs,2025-05-02T20:34:43Z,0,8
user_7597,bacod rs bolak bilang biarkan masyarakat yg menilai udah panik iyalah masyarak indonesia udah tau rs berniat menjatuhkan jokowi lihat km yg terjatuh roy,2025-05-02T19:20:00Z,0,8
user_7674,skrng rs ktakutan,2025-05-02T17:32:17Z,0,8
user_7721,orang rs pembuat gaduh bangsa gak berguna,2025-05-02T16:57:18Z,0,8
user_7842,urusan mslh ijazah jokowi pd rs,2025-05-02T15:36:49Z,0,8
user_7871,dipenjara orang gila iti rs,2025-05-02T15:20:11Z,0,8
user_7918,rs kerjaan,2025-05-02T15:09:26Z,0,8
user_7970,rs roi suryo rs rizik sihab ritme ya,2025-05-02T14:43:54Z,0,8
user_7978,roy sutton kepo cari panggung mempermalukan president jokowi hukum rs jera,2025-05-02T14:42:00Z,0,8
user_7988,pakar ahli menghasut penjelasan kebencian ujungujung nya kriminalisasi ilmmuan palsu rs,2025-05-02T14:38:22Z,0,8
user_8029,pakar telematika rs,2025-05-02T14:24:19Z,0,8
user_8034,namanya biar masyarakat tau klo rs t lol habiskan sisanya sel,2025-05-02T14:21:48Z,0,8
user_8041,lihatkan ijazahnya olh jokowi proses hukum enak rs cs mrk bebas hukuman,2025-05-02T14:18:10Z,0,8
user_8153,rs hebat hebat hebat calon presiden sayang pintar,2025-05-02T13:45:41Z,0,8
user_8298,lihat rs masuk lapas,2025-05-02T13:07:39Z,0,8
user_8512,pancen blayakan rs iku,2025-05-02T12:14:33Z,0,8
user_8632,gaya rs ky sd kelas,2025-05-02T11:47:56Z,0,8
user_8635,rs jd gini yaa ny ny r tp gestur wajahnya olah bicaranya ketar ketir,2025-05-02T11:47:25Z,0,8
user_8653,ngising laporan org gk suka suka nya mencari cari kesalahan tunggu si rs menangis,2025-05-02T11:43:41Z,2,8
user_8664,ijazah asli palsu yg mnerbitkan ugm jamgan ributin jkw jkw kuliah buktinya kawan s angkàtan yg mngakui maksa utk d tunjukin rs emang sbg dasar manusia sakit hati n muka tembok smoga rs cepat d penjarakan biar gk kbiasaan,2025-05-02T11:41:41Z,0,8
user_8703,bawa masyarakat bisah berbuat intinya rs buktikan tuhannya,2025-05-02T11:33:45Z,0,8
user_8729,respek sm rs dkk smgt bg roy,2025-05-02T11:26:48Z,2,8
user_8813,lucunya ap gobloknya ya rs iturakyat awam aj bs menilai,2025-05-02T11:07:53Z,0,8
user_8817,kerjaan rs ya bikin rusuh masuk bui ratusan juta enak loh kaya,2025-05-02T11:06:56Z,0,8
user_8859,rakyat indonesia perang dg rs omongnya kayak anjing takut,2025-05-02T10:52:26Z,0,8
user_9025,dukumen pribadi orang hak ruang publik rs kah ijazahnya,2025-05-02T10:14:16Z,0,8
user_9093,perkira an sy rs dendam kepala setupa belio msk pejara,2025-05-02T09:58:39Z,0,8
user_9176,ketawa tp panik si rs dkk,2025-05-02T09:35:32Z,0,8
user_9246,hahahahah narasi rs,2025-05-02T09:16:36Z,0,8
user_9324,lihat rs mual gak ya,2025-05-02T08:55:30Z,0,8
user_9501,dasar manusia kampret rs fitnah giliran dipidanakan playing victim,2025-05-02T08:16:45Z,1,8
user_9546,disembunyikan kali gw jokowi males ngeladenin rs orang sabar batasnya gerah ya lpaor biar mingkem congornya,2025-05-02T08:07:59Z,0,8
user_9608,suka ngomong tebar fitnah nnt masuk neraka mending jalani ditralii besi seumur hidup tuh rs rs,2025-05-02T07:57:02Z,0,8
user_9618,mendekam penjara kao rs,2025-05-02T07:55:09Z,0,8
user_9756,aneh ah si rs keliatan muter nggak benci greget hahahaha,2025-05-02T07:32:36Z,0,8
user_9733,yg salah ugm bos nya jokowi rs masuk penjara dgn kawan semoga,2025-05-02T07:27:09Z,0,8
user_9889,gass rs,2025-05-02T07:15:37Z,0,8
user_9909,masyarakat indonesia sampah sampah inisial rs ss dt es masukkan penjara,2025-05-02T07:12:28Z,0,8
user_10092,masyarakat menilai pengadilan memutuskan bang rs sidang bang rs,2025-05-02T06:49:18Z,0,8
user_10096,rs bilang ngak kemarin kemarin ngototnya menggebu gebu ciutttt ternya setuju rs dituntut krn pencemaran nama meresahkan masyarakat penghinaan mantan presiden setuju rs dituntut,2025-05-02T06:48:21Z,0,8
user_10118,rs lemes mulutnya,2025-05-02T06:45:06Z,0,8
user_10214,rs udk ketakutan mampus lu tunggu d bui,2025-05-02T06:33:23Z,0,8
user_10451,rs j jiwa nya,2025-05-02T06:06:13Z,0,8
user_10549,mulut beracun rs senjata makan tuannya,2025-05-02T05:54:31Z,0,8
user_10594,masyarakatnya yg sy ngak rs,2025-05-02T05:49:50Z,0,8
user_10565,rs sdh lemas,2025-05-02T05:47:43Z,0,8
user_10730,rs segitunya sih ama temennya dewek dlu naek smk jkt,2025-05-02T05:30:01Z,0,8
user_10829,masyarakat sdh rs sampah masyarakat politik,2025-05-02T05:13:51Z,0,8
user_10839,rs tuntut jujur pdhal tdk jujur miris rs,2025-05-02T05:12:17Z,0,8
user_10872,orang rs virus bang sa,2025-05-02T05:06:51Z,0,8
user_10960,panci pompa air diambil udah kelas nya rs body languagge cengegesannya orang dipegang omongannya,2025-05-02T04:51:22Z,0,8
user_11052,asuhan rs ujaran bencinya org jelek banget,2025-05-02T04:42:39Z,0,8
user_11134,masyarakat tau mantan presiden melaporkan lantas dimana salahnya melapor memainkan isu jokowi tega melaporkan waduuuuh rs rs,2025-05-02T04:30:54Z,0,8
user_11157,ngak kerjaan rs lg indonesia raya aja ngak hapal,2025-05-02T04:28:20Z,0,8
user_11200,rs ngomong kejujuran panci balikin woy,2025-05-02T04:21:54Z,0,8
user_11259,ya silakan rs masuk sell biar bersih otaknya,2025-05-02T04:14:58Z,0,8
user_11321,rs gemetaran kerangkeng,2025-05-02T04:04:55Z,0,8
user_11331,rs suaranya uda gemeter tu wkwkwkwkk,2025-05-02T04:02:50Z,0,8
user_11338,rs aneh dilaporkan ngomong bikin framing bersihkan hati roy,2025-05-02T04:02:30Z,0,8
user_11394,lu rs siaplah utk penjara,2025-05-02T03:56:20Z,0,8
user_11421,minta² bukti ijazah orang sakit hatimu gk sembuh² rs,2025-05-02T03:53:59Z,0,8
user_11553,rs cepat bui biar kacau media rs memuakan bicaranya,2025-05-02T03:36:06Z,0,8
user_11604,knp rs bersuara gak koruptor yg sentuh,2025-05-02T03:27:00Z,0,8
user_11610,rs dh ketar ketir,2025-05-02T03:26:06Z,0,8
user_11632,pengadilan lihat metode pemeriksaan rs rs mentaati kaidah ilmiah obyek pemeriksaan sahih proses analisis sesuai metodologi penarikan kesimpulan relevan dll,2025-05-02T03:22:11Z,0,8
user_11686,manusia manusia brhati busuk diindo smoga duo rs kawan kawan membusuk penjara biar merenung disana,2025-05-02T03:10:53Z,0,8
user_11832,rs nyari nyari perlindungan dri kemren jkw uda dianggap org stelah purna tugas skrg koar mantan persiden memenjarakan rakyatnya klo terbukti asli rs cs hrus ditahan krna kegaduhan nkri kemaren bawa jalur hukum jkw skrg cerita pendidikan ilmiah,2025-05-02T02:40:43Z,0,8
user_11920,rs sengkuninya indonesia,2025-05-02T02:17:59Z,0,8
user_11972,jujur rs dkk,2025-05-02T01:56:25Z,0,8
user_11972,ijazah asli tdk kewajiban tunjukkan rs dkk kecuali lembaga yg berkompeten,2025-05-02T01:55:29Z,0,8
user_11972,jokowi rakyat alhamdulillah masyarakat yg cerdas menilai rs dkk mmg mencari cari celah menjelek jelekkan jokowi,2025-05-02T01:52:45Z,0,8
user_12058,mulut ember si rs kya kaleng rombeng,2025-05-02T01:41:17Z,0,8
user_12058,klo bnr asli masukin kerangkeng tuh si rs hidup nya bikin gaduh aja ga kerjaan biar adem negri klo masukin kerangkeng si rs,2025-05-02T01:40:00Z,0,8
user_12085,andalan masyarakat masuk bui lo rs,2025-05-02T01:35:30Z,0,8
user_12092,masyarakat menilai rs sengkuni,2025-05-02T01:32:50Z,0,8
user_12095,guoblok rs,2025-05-02T01:32:08Z,0,8
user_12124,masyarakat menilai rs mulut busuk,2025-05-02T01:25:15Z,0,8
user_12110,senyum s rs hati mangis,2025-05-02T01:23:27Z,0,8
user_12085,rs orang yg cari muka mata publik byk yg benci hrs masuk bui efek jera utk,2025-05-02T01:21:03Z,0,8
user_12350,rs berkelit melempar kesalahan org,2025-05-02T00:34:22Z,0,8
user_12355,tesm rs jempol pokok,2025-05-02T00:33:43Z,0,8
user_12412,moga rs masuk kotak bikin ribut aja,2025-05-02T00:23:27Z,0,8
user_12444,rs pucat suaranya bergetar salah tingkah hehehehehe,2025-05-02T00:15:32Z,0,8
user_12500,rs kejang,2025-05-02T00:00:28Z,0,8
user_12578,duo rs bu tifa orang hebat terpandang seandainya kelak kalah dlm persidangan,2025-05-01T23:44:00Z,11,8
user_12585,lo rs hak pribadi org suruh spill d publik cma bkin gaduh,2025-05-01T23:42:18Z,0,8
user_12591,ciri orang ngeyel rs,2025-05-01T23:40:58Z,0,8
user_12570,bauk bauknya permaslahkan rs aploud x,2025-05-01T23:36:15Z,0,8
user_12619,rs mencari jalan selamat alibi berlindung dibawah ketiak,2025-05-01T23:30:37Z,0,8
user_12635,rs cari pamggung,2025-05-01T23:21:31Z,0,8
user_12660,yg lucu ya rs kepo utk halyg gak konyol gunakanlah kepintaran keahlianmu rs utk yg membangun indonesia rs tdk pakai pemerintahan krna sifatnya jelek,2025-05-01T23:14:45Z,0,8
user_12757,udah ketar ketir si rs,2025-05-01T22:38:31Z,0,8
user_12828,rs panik ga,2025-05-01T21:51:17Z,0,8
user_12850,liat track record rs bersuara yg berkuasa tau pencetusnya wkwkwk,2025-05-01T21:26:24Z,0,8
user_12883,dapurmu karo cocotmu rs sesuai utekmu roy,2025-05-01T20:52:48Z,0,8
user_13001,rs pakar fitnah,2025-05-01T18:52:42Z,0,8
user_13067,masyarakat menilain rs cs sampah,2025-05-01T18:15:40Z,0,8
user_13072,busuk rs hatinya rombongan sengkuni,2025-05-01T18:13:10Z,0,8
user_13084,horee rs dipenjara,2025-05-01T18:07:12Z,0,8
user_13117,kalo rs salah udah masukan penjara umur hidup meng olok,2025-05-01T17:54:25Z,0,8
user_13132,pikiran ijazah jokowi asli jokowi sengaja membuktikannya menunggu rs dkk blunder menyerang jokowi frontal menyeret rs dkk jalur hukum rs dkk masuk jokowi pembuktian menunjukan asli jokowi diam mengamati menunggu lawan yg kontrol emosi blunder asli sih emang beneran keren strategi nya nb berpihak apapun yg cari makan,2025-05-01T17:48:43Z,61,8
user_13154,awam cangkem rs njaluk diplester,2025-05-01T17:36:49Z,0,8
user_13154,mulutnya rs dijaga,2025-05-01T17:32:27Z,0,8
user_13201,rs bnr berniat mmch belah bngsa,2025-05-01T17:16:16Z,0,8
user_13226,pake baju putih udah stes masuk rs jiwa,2025-05-01T17:07:15Z,0,8
user_13275,mudah²an inazah jokowi asli biar si rs dkk penjarakan seumur hidup biar tau ras gmn kalo orang kerjaan,2025-05-01T16:52:53Z,11,8
user_13306,wel welwel bapa rs seakan dilangit tertinggi,2025-05-01T16:40:10Z,0,8
user_13359,eehh berita terbaru ijazah rs palsu,2025-05-01T16:23:43Z,0,8
user_13353,rs dkk modyar,2025-05-01T16:16:04Z,1,8
user_13396,rs mimik bicaranya panik takut yg menyebar fitnah kpd jokowi masuk penjara selamat masuk penjara rs rekan nya,2025-05-01T16:09:44Z,0,8
user_13429,sayatau tujuan rs begundalnya memenjrakan jokowi gibran yg diserang,2025-05-01T16:03:30Z,0,8
user_13495,rs dkk kabur klo ijasah asli,2025-05-01T15:48:43Z,0,8
user_13509,rs berkeras dgn kebenciannya klau kokowi mhs ugm lulus sarjana rs obok obok ijazah mbok org nya sarjana tujuan nya benci tangkap bikinribut,2025-05-01T15:46:13Z,0,8
user_13524,orang gila rs,2025-05-01T15:42:52Z,0,8
user_13552,contoh seandainya orang rs rs palsu laki laki rs asli laki laki loh memaksa rs bukti fisik laki laki rs buka celana si penanya bidan rumah bersalin membantu lahir memberitahukan jenis kelaminnya fokus aja bangsa sibuk urusan personal kerjakan bangsa butuh pemikiran pemikiran konstruktif bangsa kompetitif global orang hebat dunia ijazah membangun bangsanya orang angkasa koq ngurusin ijazah pelatihan vokasi sekedar ijazah kompetensi sekedar gelar,2025-05-01T15:35:04Z,56,8
user_13576,urgensinya rs dpt cairan dana caplin hdup,2025-05-01T15:30:54Z,0,8
user_13654,masyarakat sdh menilai rs panci penuh kebencian jw,2025-05-01T15:15:55Z,0,8
user_13739,rs biar masyarakat yg menilai rakyat q menilai rs bacottt,2025-05-01T15:02:15Z,0,8
user_13798,aja rs masuk bui hati dah kebat kebit lha saksi temen sekolah universitas dah beliau sarjana situ msh ngeyel,2025-05-01T14:50:51Z,0,8
user_13809,kasih ampun masukan orang penjara tunggu kabarnya rs masuk penjara,2025-05-01T14:49:17Z,0,8
user_13875,cepat sih rs aturan nunggu ls ganti,2025-05-01T14:35:54Z,0,8
user_13879,rs bacot menggiring presepsi orang terzolimi tujuan mencemarkan nama maling ngaku penjara penuh,2025-05-01T14:35:09Z,0,8
user_13947,sy masyarakat menilai jokowi yg tp rs yg berbohong buktinya korupsi panci,2025-05-01T14:23:07Z,0,8
user_14087,rs ki omong wolak walik skr genti ngeloke hadeuh,2025-05-01T13:53:54Z,0,8
user_14103,kelihatanya ngomongnya sok bener rs malam gak tidur,2025-05-01T13:52:50Z,0,8
user_14120,lgsung jokowi rs nggak percaya rs dkk dasarnya udah benci stadium jokowi,2025-05-01T13:49:10Z,0,8
user_14408,pernyataan yg sgt bodoh periksanya sm si rs hasilnya bilangnya palsu krn tdk msk penjara,2025-05-01T12:56:52Z,0,8
user_14418,rs dkk panas dingin,2025-05-01T12:54:52Z,0,8
user_14438,roy rs pejuang,2025-05-01T12:49:50Z,1,8
user_14454,pengen lihat muka rs penjara,2025-05-01T12:47:06Z,0,8
user_14457,klw gx salah rs terlibat koropsi wktu mnjbat sbgai menpora gx sadar aib,2025-05-01T12:46:43Z,0,8
user_14458,rs panik kayaknya,2025-05-01T12:46:35Z,0,8
user_14510,rs ngebet banget rs sdh slalu cari sensasi nggak dianggap tuh pahlawan jgn mimpi,2025-05-01T12:36:42Z,0,8
user_14519,rs kesalahpahaman raut muka nyengir,2025-05-01T12:34:50Z,1,8
user_14541,terbukti ya rs ngomong sebakul,2025-05-01T12:28:28Z,0,8
user_14586,koe tesih cengengesaaaan rs,2025-05-01T12:20:46Z,0,8
user_14636,sic rs lulusan ugm dunguuu,2025-05-01T12:12:51Z,0,8
user_14736,lg rs modar su krn saqt hati akut,2025-05-01T11:57:43Z,0,8
user_14781,rs kapok,2025-05-01T11:51:26Z,0,8
user_14871,masyarakat yg rs masyarakat loh mayoritas pecinta pk joko wi jgn mengatas namakan masyarakat,2025-05-01T11:40:43Z,0,8
user_14881,menilai rs busuk hatinya motif dibalik,2025-05-01T11:38:23Z,0,8
user_14916,males liat muka rs,2025-05-01T11:33:52Z,0,8
user_14932,heran orang rs menteri nya kau menggiring opinikan biar dibuktikan hukum,2025-05-01T11:31:40Z,0,8
user_15056,aq dah bayangin rs dkk pakek baju orange imuet²,2025-05-01T11:07:36Z,0,8
user_15068,rs cs pansos,2025-05-01T11:06:01Z,0,8
user_15089,hati rs penuh kebencian,2025-05-01T11:03:14Z,0,8
user_15249,rs sdh arah benci kpd jokowi ilmunya rs tllu ya melayang layang udara berjalan arah terombang ambing ntar pulangnya penjara,2025-05-01T10:37:32Z,0,8
user_15182,negara milik rs cs jokowi diperiksa ngak prabowo gibran dll diperiksa,2025-05-01T10:34:29Z,0,8
user_15290,ribut gimana kl rs hrs balikin panci nya yg dimaling,2025-05-01T10:29:58Z,3,8
user_15324,rs mengklaim lulusan ugm asli buktinya trus jokowi dibilang tdk asli nya diselidiki diuji dg metode yg ijazah rs skripsinya asli dg uji yg,2025-05-01T10:24:40Z,0,8
user_15403,rs mantap selamat dagdig tidur gak enak makan ikuti sidangnya,2025-05-01T10:12:02Z,0,8
user_15408,rs mudharat koplak rasakno kwe,2025-05-01T10:11:24Z,0,8
user_15469,masyarakat yg tangkap aja rs biar nga rame bikin kisruh aja,2025-05-01T10:02:30Z,0,8
user_15500,rs otak ane,2025-05-01T09:57:02Z,0,8
user_15574,pinter ngeles si roy klompok klian yng suka bikin huru hara giliran laporkn cari alasan penjarakan klompok rs,2025-05-01T09:47:16Z,0,8
user_15642,rs bicara bawa masyarakat tdk legitimasi masyarakat segahu,2025-05-01T09:37:31Z,0,8
user_15655,nampak rs bersilat lidah kalah mempidanakan menang masyarakat sontoloyo,2025-05-01T09:34:50Z,0,8
user_15737,semoga rs secepatnya pakai baju orange,2025-05-01T09:19:26Z,0,8
user_15739,wis rs cangkemmu kui gak aneh,2025-05-01T09:19:10Z,0,8
user_15749,mohon maaf asline tujuane rs cs kui opo,2025-05-01T09:17:59Z,0,8
user_15848,ugm dikambing hitamkan rs udah terlambat roy bertanggung,2025-05-01T09:04:04Z,0,8
user_15823,klu keartisan rs dp orang suka nyinyir sllu,2025-05-01T09:02:33Z,0,8
user_16001,rs ketakutan,2025-05-01T08:42:28Z,0,8
user_16100,rs sok tenang sok cool ngibul groginya,2025-05-01T08:30:00Z,0,8
user_16131,sy si rs cuman sengkuni turunannya ai ra,2025-05-01T08:25:38Z,0,8
user_16148,rs sdr bkn org bersih cari krsalahan orla ga ngaca kasih panci bgmn rs nyolong panci memalulan org jogja,2025-05-01T08:23:53Z,0,8
user_16192,rs tersangka,2025-05-01T08:18:33Z,0,8
user_16208,rs habis lempar batu sembunyi kntl,2025-05-01T08:16:32Z,0,8
user_16227,setuju disampaika rs simple sayangnya teman teman dendam jw dipenjarakan menghalalkan apapun bentuknya ijasah gak percaya kesaksian orang lembaga aja rs temannya percya selmbar kertas,2025-05-01T08:13:26Z,0,8
user_16139,rs masuk bui kayak tukang copet maling ayam,2025-05-01T08:10:54Z,0,8
user_16616,rs rs cs nya barisan berpenyakit hati ngandang bui penyakit hati sembuhnya gelar alm,2025-05-01T07:23:15Z,0,8
user_16710,rs ber playing victim biarkan masyarakat jokowi mempidanakan ibu² rs ketakutan nih yeee,2025-05-01T07:11:06Z,58,8
user_16729,rs,2025-05-01T07:08:57Z,0,8
user_16873,wajar lh klo d pidanakan rs ama yg merika lh daging buruk negara penjara aje biar kapuk ngutut uda lh mass roy jgn maaf maluuu ngutot ngata palso rasain rs,2025-05-01T06:52:59Z,0,8
user_17109,rs orang berbahaya amin rais menyesatkan membodohi masyarakat,2025-05-01T06:30:29Z,0,8
user_17129,masyarakat yg mna rs,2025-05-01T06:28:29Z,0,8
user_17145,rs politik kus ngemis bentar masuk bui,2025-05-01T06:26:38Z,0,8
user_17266,pucet wes pucet si rs,2025-05-01T06:14:32Z,0,8
user_17269,rs aja ya cengeng,2025-05-01T06:14:15Z,0,8
user_17283,rs berisik bener ahli org yg ahli seberisik,2025-05-01T06:12:40Z,0,8
user_17339,gak ijasah jokowi palsu rs liputi kebencian,2025-05-01T06:08:35Z,0,8
user_17344,periksa ijazah rs,2025-05-01T06:07:51Z,0,8
user_17546,amati roy suryo panik akut kasihan bibit kebencian menutup akal sehat rs cs,2025-05-01T05:52:14Z,0,8
user_17591,ya emg ga hak rs dkk jkw ga kewajiban jkw utk kasih liat rs dkk,2025-05-01T05:48:24Z,0,8
user_17613,rs si tukang panci pinter plying victim,2025-05-01T05:46:08Z,0,8
user_17526,rs pakar omon,2025-05-01T05:43:04Z,0,8
user_17664,salahmu dewe riuh rasain aja rs cs,2025-05-01T05:41:29Z,0,8
user_17702,muak banget liat rs,2025-05-01T05:38:04Z,0,8
user_17717,rs panik wawancara diawal membikin opini memenjarakan ibuk kkkkk benalu republik,2025-05-01T05:37:13Z,0,8
user_17754,rs sepele diulur ulur ditunda tunda jokowi,2025-05-01T05:34:51Z,0,8
user_17845,rs dkk percaya seandainya ijazah tujuannya mencari kebenaran,2025-05-01T05:27:38Z,0,8
user_17921,masarakat tau rs cs kegaduhan negri tinggal pengadilan bertindak,2025-05-01T05:22:35Z,0,8
user_18038,rs bp jokowi memenjarakan ibi ya ngga papa orang nya jahat,2025-05-01T05:12:42Z,0,8
user_18043,rs t,2025-05-01T05:11:56Z,0,8
user_18273,rs senyuman nya panik,2025-05-01T04:54:41Z,0,8
user_18370,sesuai roy suryo skrg p jokowi jd masyarakat beliau melaporkan rs cs,2025-05-01T04:48:57Z,0,8
user_18409,yg dipenjara rs berlindung dibaluk emak emak,2025-05-01T04:46:18Z,0,8
user_18501,jujur senyum rs terpaksa aroma aroma ketakutan kondisi terpojok,2025-05-01T04:39:57Z,0,8
user_18569,rs dihatimu benci yg org yg kau benci salah cuci otak kotormu rs,2025-05-01T04:35:05Z,0,8
user_18691,percaya rs dr t rf dll,2025-05-01T04:28:00Z,0,8
user_18768,semangaaat rs hebaat buktikan kebohongan,2025-05-01T04:23:54Z,0,8
user_18845,rs ahli telematika pengakuan sbg ahli tekematika dibuktikan dg ijazah sertifikat,2025-05-01T04:19:22Z,0,8
user_18858,pa rs sdh stress,2025-05-01T04:18:36Z,0,8
user_18863,lo mempidanakan lucu rs panik gx ya panik rs,2025-05-01T04:18:23Z,0,8
user_18878,mayoritas rakyat suka dgn rs dkk,2025-05-01T04:16:57Z,0,8
user_18881,rs curiga mulu sok pinter jd menteri gak,2025-05-01T04:16:47Z,0,8
user_18954,rs tong kosong nyaring bunyinya,2025-05-01T04:12:07Z,0,8
user_19007,cocok dihukum rs sampay busuk mulutnya,2025-05-01T04:09:14Z,0,8
user_19073,rs panik mulutmu harimaumu mereknya sih bagus doktor profesor apalah cuman kwalitas enol,2025-05-01T04:05:28Z,0,8
user_19092,rs pindah kamar tidur,2025-05-01T04:04:03Z,0,8
user_19242,rs suka ngeyel,2025-05-01T03:55:16Z,0,8
user_19343,selamat prasangka buruk manusia mencari cari kesalahan biar rs cs ngerasain penjara biar tau berpendapat memfitnah beda maju pakde jkw,2025-05-01T03:48:42Z,0,8
user_19133,bang rs tumbem gk tny lawyr mulyono asli,2025-05-01T03:41:33Z,0,8
user_19564,rs pakai duga palsu,2025-05-01T03:34:21Z,0,8
user_19587,rs blunder,2025-05-01T03:33:19Z,0,8
user_19680,muntah liat muka rs ari muncul medsos,2025-05-01T03:27:07Z,0,8
user_19699,ijazah jokowi palsu rs aslinya,2025-05-01T03:25:32Z,0,8
user_19701,rs belokkan intinya dg kalimat mmpidanakan,2025-05-01T03:25:27Z,0,8
user_19729,mulut busuk ya rs,2025-05-01T03:23:44Z,0,8
user_19739,bae rs sengsara lahir batin krn ulahnya,2025-05-01T03:23:15Z,0,8
user_19773,rs manusia hatine hasut gak puas tujuannya tercapai,2025-05-01T03:21:58Z,0,8
user_19795,habis rs lamar jd anggota polri penyidik ijasah palsuuu,2025-05-01T03:20:53Z,0,8
user_19838,rs nenek kakek menghina orang rs memamg suka suka info salah,2025-05-01T03:17:47Z,0,8
user_19869,rs sih untung nya mrngorek mencari kesalahan orang,2025-05-01T03:15:59Z,0,8
user_19838,rs membela membawa bawa semoga cepat ditangkap penyinyir pefitnah tua dipenjara,2025-05-01T03:15:26Z,0,8
user_19884,rs ketar ketir ges,2025-05-01T03:15:05Z,0,8
user_19914,wali kota solo gubernur jakarta presiden melewati pengecekan ijazahnya riwayat pendidikannya menjabat yg dibesar besarkan sosok dibalik kegaduhan pengugatan menunjukan ketegasan jokowi beliau diam sabar batasnya harga dijaga bermain dibalik rs menyanggah ijazah skrng dilaporkan rs ketar ketir,2025-05-01T03:12:52Z,0,8
user_20052,masyarakat yg yg tau eneng wae rs masyarakat tau yg aja om rs,2025-05-01T03:05:37Z,0,8
user_20219,rs panik gt ya wakakakak,2025-05-01T02:55:54Z,0,8
user_20275,yg bikin bingung ijazah jokowi aja yg nggk pd mantan presiden maksudnya emang bikin mslah rs pdhl kalo rs jd menteri olah raga pas nyanyi lagu indonesia raya kayaknya nggk malu,2025-05-01T02:52:43Z,0,8
user_20298,rs jokowi tunjukan masyakarat tdk curiga rs dkk waras gk sih kau jokowi ijazahnya add aja negara konoha,2025-05-01T02:46:17Z,0,8
user_20200,rs emang tujuannya mencari kesalahan,2025-05-01T02:42:51Z,0,8
user_20200,masyarakat indonesia tau rs cari panggung,2025-05-01T02:40:37Z,0,8
user_20545,klo gk pidanakan cocot nya nyocros rs cemas gk berani nyocros ijazah palsu hehehe,2025-05-01T02:39:18Z,0,8
user_20597,loh rs ngomong gitu suka aneh aja,2025-05-01T02:37:06Z,0,8
user_20852,rs si maling panci tinggal tunggu vonis aja,2025-05-01T02:26:04Z,0,8
user_20864,jaman rasululloh rs abu jahal bukti yg nyata ngeyel esensinya namanya dengki,2025-05-01T02:25:44Z,0,8
user_20902,rs hatinya penuh kebencian dendam,2025-05-01T02:23:47Z,0,8
user_21067,dr rs cari mslh,2025-05-01T02:16:06Z,0,8
user_21087,ngebacot nih rs nih siap² kau masuk penjara,2025-05-01T02:15:30Z,0,8
user_21102,si rs ngotot pembuat gaduh,2025-05-01T02:14:42Z,0,8
user_21102,lawak banget si rs biar masyarakat mantan presiden mempidanakan loh koar media sosial ngotot gk kalo lihat ijazahnya dtg sowan rumahnya koar dr media sosial udah mengarah pembunuhan karakter si rs gaduh salahnya urusannya privasi loh jkwi diam gk gunjing diamin kepanasan,2025-05-01T02:12:27Z,0,8
user_21182,ugm tercoreng ulah rs,2025-05-01T02:10:46Z,0,8
user_21186,lidik sidik background politik terlapor rs,2025-05-01T02:10:35Z,0,8
user_21090,maksude rs,2025-05-01T02:08:51Z,1,8
user_21306,semoga ditangkap rs kliatan benci jokowi knpa hubungan nya dilaporkan salah ya ditangkap,2025-05-01T02:03:53Z,0,8
user_21448,bersiaplah kau rs dkk,2025-05-01T01:56:45Z,0,8
user_21483,yg diharapkan si rs taktiknya berhasil tim jkw ambil langkah hukum dgn laporan polis kl koar rs ijazah palsu jkw rs senang gembira dll kl koar rs salahpun pastinya l bih heppiiii bangettt harapannya lapas bs tercapai,2025-05-01T01:54:51Z,0,8
user_21524,yg curiga rs cs rakyatnya gak kepo ijazah,2025-05-01T01:52:53Z,0,8
user_21561,rs simple bikin indonesia,2025-05-01T01:50:45Z,0,8
user_21627,rs yaa lagaknya spt org berkuasa ngatur ugm presiden nkri,2025-05-01T01:46:37Z,0,8
user_21651,menunggu rs mendekap jeruji besi betewe panci dah balikin,2025-05-01T01:45:24Z,0,8
user_21657,rs yg dilaporkan nya tampil hebat,2025-05-01T01:45:04Z,0,8
user_21672,masuk kau rs emang perempuan tdk laporkan ranah hukum,2025-05-01T01:44:15Z,0,8
user_21713,kau rs dkk dapet baju,2025-05-01T01:42:21Z,0,8
user_21766,rs ngaku uji ilmiah diuji barang aslinya sampah dunia maya lembaga valid asli lembaga penerbitnya ugm rs dinobatkan residivis kambuhan,2025-05-01T01:38:49Z,0,8
user_21808,pendukung rs dah berdemo,2025-05-01T01:36:46Z,0,8
user_22137,aq masyarakat rs mi pengin kondang masuk kamar jeruji pas,2025-05-01T01:19:19Z,0,8
user_22155,rs kepo,2025-05-01T01:18:37Z,0,8
user_22247,dampak gugatan pencemaran nama tp rs takut cari alasa kl emak yg laporkan,2025-05-01T01:13:40Z,0,8
user_22283,salah ya salah aja rs kebal hukum gitu rs mencoba menggiring opini publik mantan presiden tega memperkarakan si rs mempermasalahkan mencemarkan nama mantan presiden yg jaga marwah martabatnya,2025-05-01T01:11:56Z,0,8
user_22285,sengkuni hukum seumur hidup sk rs,2025-05-01T01:11:49Z,0,8
user_22308,rs mencla mencle knp jokowi menghadapi nya kalo presiden dibilang terang aja menang presiden pikirnya rs suka bolak gak inget knp gara gara rs yg bilang palsu pake teknologi gak sadar kalo dilaporin gak seumuran hiduplah kasian potong lidah aja,2025-05-01T01:10:48Z,0,8
user_22377,biar masyarakat menilai sy sbg masyarakat sy menilai rs dkk bergerak dasar kebencian cari trs inget mengada,2025-05-01T01:07:35Z,0,8
user_22381,rs,2025-05-01T01:07:23Z,0,8
user_22456,si rs rajin bawain perabot rajin mencari kesalahan orang luarrr biasaaa,2025-05-01T01:03:56Z,0,8
user_22468,rs menyembunyikan ri mementingkan urusan negara,2025-05-01T01:03:23Z,0,8
user_22502,pantang mundur ayo rs,2025-05-01T01:01:55Z,0,8
user_22534,d d rs dah d laporkan,2025-05-01T01:00:04Z,0,8
user_22572,suami istrinya yg memiliki anak kandung akte kelahirannya catatan sipil rs bersalin dmn ibunya melahirkan mengakui anak lahir rs yg kekeh koar ber anak pasangan,2025-05-01T00:58:10Z,1,8
user_22607,si rs emang suka mencari p jokowi dr bg rivai team semangat kejar rs dibui,2025-05-01T00:56:10Z,0,8
user_22710,pengen liat rs es pake rompi biar mulutnya rompi,2025-05-01T00:48:14Z,0,8
user_22797,maunya menang rs cs melecehkan orang berani dgn konsekuensinya,2025-05-01T00:47:16Z,0,8
user_22689,aneh rs gl,2025-05-01T00:46:38Z,0,8
user_22903,rs panggung lihat wajahnya sulit dipercaya,2025-05-01T00:41:04Z,0,8
user_22999,emang luu rs yg negara berani cek ijazah prabowo berani gak,2025-05-01T00:36:18Z,0,8
user_23018,masyarakat tdak mnilai pk jkwi kjm rs lh yg bnyk ulah,2025-05-01T00:35:32Z,0,8
user_23040,rs kali,2025-05-01T00:34:42Z,0,8
user_23018,rs kerjaan,2025-05-01T00:34:18Z,0,8
user_23075,rs byk bacot hrs penjara,2025-05-01T00:33:22Z,0,8
user_23149,aneh rs yah pidanakan klw bikin salah bikin gaduh ko aneh yg menilai ijazah masyarakat yah kampus yg menilai kebeneran aslian nya yg mengeluarkan nya rs udah ketar ketir laporkan pembelaan memohon kpd masyarakat menolong nya,2025-05-01T00:30:02Z,0,8
user_23196,koq berjalan jurdil menginggat kedekatan jokowi dgn seragam coklat aja rs dkk,2025-05-01T00:28:07Z,0,8
user_23202,rs cs berusaha cari makan klw tdk kegaduhan dlm negara rs cs sdh kelaparan,2025-05-01T00:27:55Z,0,8
user_23329,rs siapkan pengadilan tidur dinginnya jeruji,2025-05-01T00:21:42Z,0,8
user_23342,ngapain mantan presiden ngurusin keponya masyarakat yg gak bener julidnya sdh bener jalur yg dipilih presiden nurutin keponya golongan rs cs jalur hukum klo aja berhenti kebencian rs cs berhenti mencari ora orang hatinya busuk btw dekan fakultas kehutanan ugm fotokopinya krn ijazah aslinya pemiliknya pernyataan rs aja udah kualitas spt ijazah asli sih fakultas pemilik coba tunjukkan universitas yg mengeluarkan ijazah asli,2025-05-01T00:21:03Z,0,8
user_23385,rs kaya y perusak bangsa negara presiden pahlawan negara bahas negara bertindak rs penhancur negeri nusantara,2025-05-01T00:19:30Z,0,8
user_23285,rs yg berlindung dibalik diulang ulang narasi,2025-05-01T00:18:34Z,0,8
user_23409,masyarakat menilai gerombolan rs gerombolan koplak silahkan menilai,2025-05-01T00:18:22Z,0,8
user_23450,rs ngomong ngelantur,2025-05-01T00:16:32Z,0,8
user_23487,klo km bs membujtikan ijazah jkw asli kasih uang m konglo rs hati lumayan kerjaan gpp masuk bui sebentar inih,2025-05-01T00:14:27Z,0,8
user_23647,eeee ngeper ni ye apapun ditunjukan jkwi rs nggak percaya,2025-05-01T00:07:23Z,0,8
user_23653,rs kalang kabut,2025-05-01T00:07:05Z,4,8
user_23773,rs tdk berhak org ijasah emang ya ga,2025-05-01T00:01:06Z,0,8
user_23787,rs tdk tau,2025-05-01T00:00:27Z,0,8
user_23807,masyrakat menilai dr bhw rs manusia nggak berguna,2025-04-30T23:59:24Z,0,8
user_23863,masyarakat yg aja aja yg ribet rs,2025-04-30T23:56:34Z,0,8
user_23905,muak liat tampang bicara nya rs kerjaan bermanfaat,2025-04-30T23:53:52Z,0,8
user_23913,oalah rs ws asli diragukan fitnah lbh kejam dr pembunuhan lo ngomong² sdh hafal indonesia raya,2025-04-30T23:53:44Z,0,8
user_23914,rs cm urus receh panci kontribusi mu nkri,2025-04-30T23:53:41Z,0,8
user_23930,rs sesuai dg predikatkrtx,2025-04-30T23:52:55Z,0,8
user_23914,jgn sombong kau rs tar jgn mewek,2025-04-30T23:50:29Z,0,8
user_24094,liat rs rs lainya mersa populritas jokowi pudar kl jelek jelekkan barang berkualitas bagus kagumi orang banya,2025-04-30T23:44:10Z,0,8
user_24272,tdk pandang terbukti pelangaran hukum proses rs cs biar kapok tuntut thn,2025-04-30T23:35:16Z,0,8
user_24294,amit amit orang jawa kaya rs,2025-04-30T23:33:56Z,0,8
user_24330,rs manusia ngeyel dunia bicaranya penuh kebencian lagaknya gak sisi orang masya allah emang hakim akhirat rs cari keuntungan mempermalukan orang dendam kesumat dibawa mati na udzubillah,2025-04-30T23:32:40Z,0,8
user_24344,rs hati nya gundah abis laporan jokowi,2025-04-30T23:31:50Z,0,8
user_24327,rs tunggu pidanakan yg sok tau ijasah palsu,2025-04-30T23:31:01Z,0,8
user_24421,roy suryo blm tau yg lawan tokoh politik tumbang rs,2025-04-30T23:28:05Z,0,8
user_24441,rs dipenjara biar gak bacot,2025-04-30T23:27:11Z,0,8
user_24453,kocak rs nuduh org org yg dituduh disuruh buktikan sekolah dimana org,2025-04-30T23:26:28Z,0,8
user_24484,rs membenci jokowi sampy izasah d bawa udah pa penjaraain aj org bgnii bkin gaduhhh,2025-04-30T23:24:38Z,0,8
user_24404,yg rs cs yg cari kesalahan dgn ijazah jokowi palsu yg berhak bilang palsu ya ugm yg rugikan klo rs cs yg test bilang palsu,2025-04-30T23:22:40Z,0,8
user_24749,gaskeun bang rs pantang mundur kebohongan menuntut kebohongan,2025-04-30T23:09:48Z,0,8
user_24749,gaskeun bang rs pantang mundur kebohongan menuntut kebohongan,2025-04-30T23:09:23Z,0,8
user_24767,untungnya rs nyari nyari kesalahan orang lbh intropeksi rs d lht dr wajah tertawa ketakutan,2025-04-30T23:08:29Z,0,8
user_24851,mual jg kl lihat si rs,2025-04-30T23:05:29Z,0,8
user_24928,menganggap sepele krn tujuanya rs dkk memakzulkan jkw sangst serius,2025-04-30T23:00:46Z,0,8
user_24982,rs muka tlembuk asssu,2025-04-30T22:57:21Z,0,8
user_25131,karna kebencian si rs cs pd jokowi,2025-04-30T22:47:20Z,0,8
user_25141,anak nya malu gk ya sm rs,2025-04-30T22:46:57Z,0,8
user_25200,bagus rs kecut kawan nya hadiah gratis hotel prodeo thn,2025-04-30T22:43:04Z,0,8
user_25212,rs wajib jebloskan penjara cocoknya diskusi ma sarumpaet hehehe,2025-04-30T22:42:31Z,0,8
user_25240,privasi dok pribadi rs parah ugm kpu lembaga sah sdh gamblang asli meragukan keasliannya ujaran kebencian welcome to penjara,2025-04-30T22:40:45Z,0,8
user_25254,rs knp presiden ga km ijazahnya bodoh org plg bagus suruh pindah negara,2025-04-30T22:39:57Z,0,8
user_25321,bosan lihat rs nenek kl salah dipidana,2025-04-30T22:35:31Z,0,8
user_25322,rs ngga pakar omongannya membalik fakta,2025-04-30T22:35:25Z,0,8
user_25237,hatinya rs penuh kebencian busuk sulit menerima kebenaran biarkan allah swt ambil tunggu azab allah swt,2025-04-30T22:33:29Z,0,8
user_25363,rs mc sampah,2025-04-30T22:33:21Z,0,8
user_25420,rs cari muka publik,2025-04-30T22:29:26Z,0,8
user_25536,mental tai mix pecundang rs,2025-04-30T22:20:45Z,0,8
user_25606,bakar rs dkk,2025-04-30T22:15:46Z,0,8
user_25608,gaya rs gaya songong licik kbukri salah sel bilang kriminalsasi mak,2025-04-30T22:15:42Z,0,8
user_25677,panik ya loeee rs,2025-04-30T22:10:25Z,0,8
user_25693,rs bpk menghukum jarena sdh mencemarkan nama baiknya internasional smoga kebenaran berpihak joko wi,2025-04-30T22:09:34Z,0,8
user_25693,rs jahat menuduh palsu bs me unjuk and hrs dituntut sdh rich rakyat negara,2025-04-30T22:05:20Z,0,8
user_25752,aje si suryo biar gmn rs sdh ngasih negara tkng hasut,2025-04-30T22:04:22Z,0,8
user_25779,rs panik,2025-04-30T22:01:51Z,0,8
user_25864,biar pembelajaran pembenci jokowi liat muka rs muak,2025-04-30T21:53:16Z,0,8
user_25887,rs mu orang yg tertindas ulahmu,2025-04-30T21:49:25Z,0,8
user_25913,kau tunggu baju orange rs,2025-04-30T21:46:25Z,0,8
user_26006,kebencian rs dkk melampaui batas bernadzar jalan kaki jakarta gerombolan pembenci jokowi,2025-04-30T21:33:50Z,0,8
user_26064,masyarakat menilai cangkemu yg menggiring mukut sampah cari kejelekan jokowi masyarakat pingin manusia sampah rombongan rs modyiar penjara,2025-04-30T21:27:12Z,0,8
user_26076,lha rs biki ribet simple enak,2025-04-30T21:25:41Z,0,8
user_26136,rs masuk penjarah lg,2025-04-30T21:16:55Z,0,8
user_26159,bacot rs bingung cari kesalahan pk jk presidenku klarifikasi rs,2025-04-30T21:13:21Z,0,8
user_26216,rs motifnya suka dgn jokowi suka cari kesalahan bawa nama rakyat motif suda bilang ugm jokowi lulusa ugm puas kau jokowi menunjukka ijasahnya publik publik menilai ijasah asli palsu rs dukung jokowi ayo lapor orang perusak negeri biar penjarakan,2025-04-30T21:04:33Z,0,8
user_26382,semangat bang rs yg dibongkar kebohongan menutupi kebohongan nya,2025-04-30T20:35:45Z,0,8
user_26427,alham dulilah rs tersangka,2025-04-30T20:26:54Z,0,8
user_26428,enaknya rs komentarnya,2025-04-30T20:26:44Z,0,8
user_26520,rs keteteran wkwkwk,2025-04-30T20:11:34Z,0,8
user_26540,klo salah ga dihukum berlindung ketiak hahah kasihan rs,2025-04-30T20:08:19Z,0,8
user_26567,rs kerjaan aj,2025-04-30T20:04:01Z,0,8
user_26635,rs raine pucet,2025-04-30T19:54:30Z,0,8
user_26683,rs ga hak sedikitpun tunjukan ijasah yg masyarakat menilai rs so toy pinternya keblenger emang haknya tunjukan tunjukan hayok netizen cari keborokon rs sampe kulit ari,2025-04-30T19:47:40Z,0,8
user_26744,masyarakat rs tdak dijadikan tersangka sesuai dgn aturan uu krn otaknya laenn,2025-04-30T19:38:43Z,0,8
user_26788,rs nyari panggung,2025-04-30T19:32:08Z,0,8
user_26841,kt rs biar masyarakat yg menilai sy masyarakat menilai mendukung penuh pa jokowi melaporkan yg bikin gaduh fitnah negri biar yg ngikutin jejak rs mikir n tau klu prilaku rs salah layak contoh masyarakat kali dibodohi,2025-04-30T19:24:58Z,0,8
user_26870,bacrit si rs,2025-04-30T19:21:15Z,0,8
user_26892,urat malu putus rs,2025-04-30T19:18:20Z,0,8
user_26914,cangkeme rs njalok palu,2025-04-30T19:17:13Z,0,8
user_26915,mengatasnamakan masyarakat mas rs masyarakat aja tuh,2025-04-30T19:17:10Z,0,8
user_27010,ga si rs nunjukin ijasahnya ribet ngurusin ginian,2025-04-30T19:04:08Z,0,8
user_27253,nnti klo gerombolan rs ditahan berita kriminalisasi berpendapat dimuka publik,2025-04-30T18:41:01Z,0,8
user_27275,maju trs rs dkk jkw tdk akn berani menjebloskn penjara krn sdh bnyk merugikn negara kekuasaan,2025-04-30T18:38:12Z,0,8
user_27293,keren duo rs gentleman berani berbuat berani menerima resiko,2025-04-30T18:37:01Z,59,8
user_27330,rs maling panci ketar ketir,2025-04-30T18:33:11Z,0,8
user_27344,rs setan berlaga malaikat orang bodoh dikelabui rs aturan hukum menuduh membuktikan dibalik rs kawan setan jkw dituduh membuktikan sederhana sesungguhnya menyesatkan orang tolol paham hukum membela logika rs,2025-04-30T18:31:39Z,0,8
user_27422,cari panggung rs,2025-04-30T18:22:59Z,0,8
user_27426,rs maunya sih bikin polemik yg resek mulut comberan kepentinganmu bikin mencemarkan yg sdh dihormati raktatnya rs cari gaduh tuh r s cari panggung gak laku,2025-04-30T18:22:37Z,0,8
user_27557,rs ketar ketir,2025-04-30T18:11:23Z,0,8
user_27647,udah laporkan ciut nyali si rs,2025-04-30T18:03:08Z,0,8
user_27652,rs ruwet ruwet,2025-04-30T18:02:43Z,0,8
user_27653,jijik bener ijazah dipermasalahkan besarnya rs dkk dipenjara aja udah mati jg gk ppa aneh,2025-04-30T18:02:42Z,0,8
user_27676,nya rs ni gx bolak,2025-04-30T18:00:55Z,0,8
user_27723,senyum kepalsuan rs,2025-04-30T17:55:51Z,0,8
user_27766,laporkan ngomong swmbarangan lg rs roy sinting,2025-04-30T17:54:28Z,0,8
user_27783,rs ketawa ketawa hatinya ciut,2025-04-30T17:49:21Z,0,8
user_28043,dasar rs maling teriak maling klu nuntut mslah ijazah p jokowi trs untungnya dri kn pdi p yg untung,2025-04-30T17:31:53Z,0,8
user_28162,rs ngeles,2025-04-30T17:23:25Z,0,8
user_28298,rs ketahuan tukang fitnah cengengesan berlndung nama rakyat tujuannya mempermalukan jokowi kebenciannya iya udah tangkap polisi cengengesan si rs,2025-04-30T17:13:34Z,0,8
user_28358,jokwi pinter izazahnya tunjukan rs kena tipu yg uji izazah asli jokowi heheee,2025-04-30T17:10:33Z,0,8
user_28472,rs and the gang bersalah bilang kriminalisasi,2025-04-30T17:03:45Z,0,8
user_28517,knp rs gk sentil pdi p ya klw emng palsu hrsnya rs berani menyalahkan pdi p yg udh mencalonkn jokowi dngn dalih udh tau palsu knp diusung tp kenyataannya rs gk berani sentil pdi p,2025-04-30T16:59:25Z,0,8
user_28568,fitnah fitnah kejam pembunuhan jend ah nasution hentikan fitnahmu rs dkk,2025-04-30T16:56:26Z,0,8
user_28571,aduu rs kayanya kenaa,2025-04-30T16:56:19Z,0,8
user_28579,intinya ga tindak orang rs liar,2025-04-30T16:56:00Z,0,8
user_28700,hukum konoha versi dr rs melawan ilmu pengetahuan versi alumni mantap nonton simak,2025-04-30T16:48:41Z,0,8
user_28804,sy gak rs burung cepet buktikan burung buka,2025-04-30T16:42:07Z,0,8
user_28840,masyarakat ngendi dooooos menungso rs iki lho ndeso asli,2025-04-30T16:39:57Z,0,8
user_28879,roy masuk bui masuk rs jiwa,2025-04-30T16:38:15Z,1,8
user_28880,sih rs dkk yg mustahil ijazah jokowi palsu pilkada pilpres dokumentasi lengkap ya sebara hoax mustahil rs dkk yg dilaporkaj lolis jerat hukum,2025-04-30T16:38:13Z,0,8
user_28840,roi soryo takut kepo rs mrengeeeeeeeeees,2025-04-30T16:33:19Z,0,8
user_29043,rs salah odgj,2025-04-30T16:29:27Z,0,8
user_29213,jeruji besi menunggu rs,2025-04-30T16:20:41Z,0,8
user_29273,asli mknya berani lapor hati rs,2025-04-30T16:17:53Z,0,8
user_29236,ya allah semoga rs merasakan jeruji penjara bawa panci kasur jeruji wkkkkkk,2025-04-30T16:14:54Z,0,8
user_29380,gasabar nunggu rs cs pakai baju oren,2025-04-30T16:12:35Z,0,8
user_29383,mbw mastakat hakum membenrkn rs cs yg konyol,2025-04-30T16:12:31Z,0,8
user_29410,gk sih manusia rs tuh jgn tampil d media mual kali ku liatnya,2025-04-30T16:11:31Z,0,8
user_29273,rs berusaha tenang,2025-04-30T16:10:39Z,10,8
user_29430,emang bgt rs bikin citra jokowi jd buruk menarasikan mempidanakan,2025-04-30T16:10:19Z,0,8
user_29383,rs cs scr poltk termakan terpsncing jokowi secr politik rs kalah pdi kalah oo mrneh suryoool,2025-04-30T16:09:38Z,0,8
user_29477,rs mantan napi panci dewa hadapi hukum,2025-04-30T16:07:54Z,0,8
user_29528,mempidanakan ibu² hukum gk pandang bulu dah percaya rs ijazahnya asli ya,2025-04-30T16:05:44Z,0,8
user_29556,rs kebanyakan wajar curiga kenyataannya ucapannya salah gisel rs panci rusak,2025-04-30T16:04:09Z,0,8
user_29576,rs berlindung dibelakang ibu² tpi ibu² yg ngelamak jokowi,2025-04-30T16:03:15Z,0,8
user_29609,cengengesan wajahe rs,2025-04-30T16:01:40Z,0,8
user_29656,nunggu rs dikandangin,2025-04-30T15:59:41Z,0,8
user_29661,masyarakat menilainya rs aneh kerjaan rs koq cari menyangsikan ijazah presiden takut,2025-04-30T15:59:33Z,0,8
user_29677,rs enak banget ngomongnya lhoo ijazah rs kawan kawan yg sibuk menentu urusan nya coba suru jokowi tunjukin ijazahnya aja ketemu jokowi lihat ijazah ngapain sibuk teriak medsos lucu banget salahnya ketemu jokowi lihat ijazahnya bereskan musti suru tunjukin kedepan emangnya rs dankawan kawan rs teman teman rencana gak ketemu jokowi lihat ijazah teriak teriak medsos,2025-04-30T15:59:04Z,0,8
user_29682,rs cs,2025-04-30T15:58:53Z,0,8
user_29753,kapasitas rs ngeyel tunjukan ijazah orang emang hrd interview karyawan wkwkwkwkwkwk,2025-04-30T15:55:09Z,0,8
user_29823,rs cs pemburu milyar,2025-04-30T15:51:57Z,0,8
user_29831,sakit jiwa rs,2025-04-30T15:51:34Z,0,8
user_29833,rs gi curhat,2025-04-30T15:51:28Z,0,8
user_29845,rs dah ketakutan,2025-04-30T15:51:05Z,0,8
user_29876,rs licik yg menudu masrakat curiga klu rs gk sebar hox masrakat tau,2025-04-30T15:49:47Z,0,8
user_29915,bau bau rs masuk penjara nih,2025-04-30T15:47:51Z,0,8
user_29918,rs gak gak ladenin nunjukin ijazah k rs,2025-04-30T15:47:44Z,0,8
user_29953,klo rs ketawa nyengar nyengir kr nerasa diatas angin tp kali,2025-04-30T15:46:18Z,0,8
user_29845,rs uji kemampuan tidur kamar berjeruji sependapat angkat kempolnya,2025-04-30T15:42:47Z,0,8
user_29953,yg bermasalah rs,2025-04-30T15:36:33Z,0,8
user_30083,mantap pa jokowi panik ya rs,2025-04-30T15:36:23Z,0,8
user_30167,masyarakat menilai rs cs orng lieur,2025-04-30T15:35:47Z,0,8
user_30179,rs pinter ngeles,2025-04-30T15:35:03Z,0,8
user_29918,upa gemetaran gak rs jgn bawa masyarat indonesia dukung masyarakat indonesia jokowi,2025-04-30T15:35:02Z,0,8
user_30191,hadeuch pembuat gaduh negara ladenin coba suruh tunjukan publik pny ijazah rs hny numpang populer fitnah² p jokowi nti klo sdh penjara br mewek² p jokowi smangt ya org spt rs dkk tanggung akibatnya slalu dukung doa p jokowi,2025-04-30T15:34:18Z,0,8
user_30426,rs mantan napi gelandangan politics cari panggung,2025-04-30T15:23:37Z,0,8
user_30432,tuduh rs alat kelamin rs alat kelaminnya,2025-04-30T15:23:22Z,1,8
user_30438,omong ga yg bener rs,2025-04-30T15:22:57Z,0,8
user_30514,rs yg bertanggung terlapornya hasutan,2025-04-30T15:20:20Z,0,8
user_30531,sebentar rs panen selamat menikmati hasil panenya ya lupa bagi² teman²mu,2025-04-30T15:19:37Z,0,8
user_30534,benaaar rs kl asli tinggal tunjukan aja hadapan publik,2025-04-30T15:19:26Z,0,8
user_30566,rs cs bilang hahahahahahaha modiarrrrr luuu padaaa ga suka cocot keterluan lahh,2025-04-30T15:18:21Z,0,8
user_30602,rs calon pakai baju orange,2025-04-30T15:16:49Z,0,8
user_30662,semoga ditengah proses hukum rs sehat ndk sakit kayak,2025-04-30T15:13:43Z,0,8
user_30688,p jokowi laporkan or yg julid rs yg nya,2025-04-30T15:12:40Z,0,8
user_30729,bicara ngawur aja rs oh rs sebatas pembenaran kebenaran ya bang roy,2025-04-30T15:11:25Z,0,8
user_30737,rs keringat dingin deh,2025-04-30T15:11:13Z,0,8
user_30747,iya masyarakat rs dkk tdk adab tukang fitnah,2025-04-30T15:11:01Z,0,8
user_30823,klopun terbukti asli rs cs percaya,2025-04-30T15:07:55Z,0,8
user_30943,kayaknya rs dkk masuk hottel,2025-04-30T15:02:49Z,0,8
user_30978,imbang rs dibelakangnya orang kuat ga membela anis seru,2025-04-30T15:01:32Z,0,8
user_30898,rs rs bicaranya keyakinan diuji ijaah bpk jokowi asli betapa malunya mrk yg menuduh bpk jokowi bpk jokowi memaafkan mrk ditaruh mukanya màna,2025-04-30T15:00:46Z,0,8
user_31042,apasih urusanmu rs ngurusi ijazah orang,2025-04-30T14:58:46Z,0,8
user_31094,tangkap rs cs kasih kendor beang kerok ri,2025-04-30T14:57:20Z,0,8
user_30733,semoga rs masuk penjara ahli forensik palsu,2025-04-30T14:57:15Z,0,8
user_31170,orang yg rs,2025-04-30T14:54:35Z,0,8
user_31351,sukur kalo rs sehat kalo stres dak la bui,2025-04-30T14:47:30Z,0,8
user_31416,maksud kalimat rs mempidanakan biar masyarakat menilai ngeles,2025-04-30T14:46:49Z,0,8
user_31473,siapin baju prodeo rs,2025-04-30T14:44:42Z,0,8
user_31491,masyarakat menilai rs pengacau negara,2025-04-30T14:43:52Z,0,8
user_31595,saking bencinya jokowi si rs rela dipenjara,2025-04-30T14:40:36Z,0,8
user_31597,nenek kalo melanggar hukum ya diproses ngga sabar persidangan terbuka menyaksikan si rs cs ganjaran yg setimpal,2025-04-30T14:40:32Z,0,8
user_31606,rs biar terkenal kah,2025-04-30T14:40:12Z,0,8
user_31491,rs dilaporkan krn mulutnya,2025-04-30T14:37:33Z,0,8
user_31705,rs menuduh bukti framing,2025-04-30T14:37:09Z,0,8
user_31739,rs ngaku sbg pakar gak paham penggunaan iptek digital forensik,2025-04-30T14:36:23Z,0,8
user_31855,panik rs,2025-04-30T14:32:27Z,0,8
user_31925,otaknya rs penuh dendam,2025-04-30T14:30:21Z,0,8
user_31931,kebencian dendam membutakan akal sehat rs berdua dkk,2025-04-30T14:30:17Z,0,8
user_31947,rs antek nya biar jera nusakambangan,2025-04-30T14:29:36Z,0,8
user_31950,penjara rs cs,2025-04-30T14:29:29Z,0,8
user_31969,rs aja org yg kerjanya menfitnain org terbukti penjarain aja org hatinya dah kena penyakit susah sembuhnya yg otaknya ngomongin org memfitnah suhuzone dendam ga percaya dgn kebenaran dah penjarakan aja rs motifnya yg bayar selidiki aja,2025-04-30T14:28:53Z,0,8
user_32043,dipidanakan si rs biar bisuk penjara,2025-04-30T14:27:10Z,0,8
user_31931,siaplah dipanggil rs dkk,2025-04-30T14:27:08Z,0,8
user_32050,goal si rs penjarah panci prabotan,2025-04-30T14:27:01Z,0,8
user_32052,semoga rs cs cepat masuk bui biar busanya dajjal,2025-04-30T14:26:58Z,0,8
user_32054,senyum si rs ni senyum kecut ketakutannya nampak,2025-04-30T14:26:53Z,0,8
user_31307,deh roy suryo playing victim abis memfitnah menuduh koar palsu tifa bilang keyakinan nya kepalsuan ijazah jokowi menuduh ugm terlibat mendukung kepalsuan kebohongan jokowi berusaha menyederhanakan pencemaran nama memeriksa keaslian scientific dasar pengecut roy suryo dkk hadapi pengadilan terima resiko vonis nya framing kriminalisasi sungguh basi sikapmu rs rs menabur angin bersiaplah menuai badai,2025-04-30T14:26:44Z,0,8
user_32065,penjarakan aja gaduh begeini muak liat muka rs,2025-04-30T14:26:30Z,0,8
user_32191,rs senyum ketar ketir,2025-04-30T14:22:36Z,0,8
user_32306,rs koplak lo tunjukin ijazah lo asli palsu yg blg pakar telematika,2025-04-30T14:19:30Z,0,8
user_32543,dukung double rs jokowi bohong salah contoh pesanan unit mobil esemka menyebarkan berita bohon jejak digital guys,2025-04-30T14:13:38Z,0,8
user_32561,setuju rs rs uji ilmiah yg mengedukasi maju mas roy ojo wedi karo jokowi salah mesti seleh jokowi menuai yg tanam karma,2025-04-30T14:13:20Z,0,8
user_32588,klo mindset otaknya sdk percaya apapun pembuktiannya percaya karna permasalahan ya si rs dkk pd bpk jokowi pembuktian yg krn percaya,2025-04-30T14:12:47Z,0,8
user_32609,masuk bui rs,2025-04-30T14:12:23Z,0,8
user_32629,rs rs mo kek bpk kek klu hidup ny cuman mmfitnah fremingpalsu ya jeruji aj ny biar mmbusuk jkwalways evers,2025-04-30T14:11:44Z,0,8
user_32683,semoga rs bui aamiin,2025-04-30T14:10:19Z,0,8
user_32785,pikiran rs kotor tumpukan sampah,2025-04-30T14:07:48Z,0,8
user_32852,rs pidanakan lo yg salah kewajiban jikowi u pamer ijazah,2025-04-30T14:06:08Z,0,8
user_32911,sabaran rs es rs t k masuk penjara,2025-04-30T14:04:41Z,14,8
user_32960,si rs bangun opini hahaha smoga karmanya nyata,2025-04-30T14:03:23Z,0,8
user_33075,manusia pintar bersilat lidah nih org rs hati dgn org model bgini tolong rakyat jgn mudah terprovokasi,2025-04-30T14:00:51Z,0,8
user_33179,ngapain tunjukin polisi curiga butuh bukti rs polisi orang percaya langkah jokowi pas kecuali bareng polisi yg mencurigai bijak,2025-04-30T13:58:40Z,0,8
user_33188,ayo dukung rs masuk bui wkkk,2025-04-30T13:58:31Z,0,8
user_33190,pancingan jokowi rs cs masuk delik pemalsu penyebar document ijazah palsu,2025-04-30T13:58:25Z,0,8
user_33250,by by rs jd penghuni hotel predio,2025-04-30T13:57:06Z,0,8
user_33360,mati karir rs,2025-04-30T13:54:58Z,0,8
user_33370,rs penjara krb berbuat gadu nasional,2025-04-30T13:54:44Z,0,8
user_33458,jokowi udah lihat rs kawan kawan nya,2025-04-30T13:52:26Z,0,8
user_33477,rs pakar hoax,2025-04-30T13:52:03Z,0,8
user_33477,rs pakar hoax,2025-04-30T13:52:03Z,0,8
user_33495,rs ngga kerjaan ya sono gali kubur,2025-04-30T13:51:36Z,0,8
user_33498,kelompok rs dkk pidanakan yg tkng pitnah,2025-04-30T13:51:34Z,0,8
user_33525,rs udah jiper duluan,2025-04-30T13:50:53Z,0,8
user_33264,ngapaiam tunjukan rs,2025-04-30T13:48:01Z,0,8
user_33733,klu sy jd anaknya malunya gak ketulungan ayah kayak rs mukanya taruh dimana sebentar nangis lho,2025-04-30T13:46:31Z,0,8
user_33764,rs asli jkw palsu orangnya pintar ngomong bermutu orang awam menemukan kejanggalan analisa rs,2025-04-30T13:45:48Z,0,8
user_33799,dasar oon si rs cengengesan kaya orang stres aja orang awam si rs bikin gaduh,2025-04-30T13:44:48Z,0,8
user_33458,yg rs bikin ribut indonesia,2025-04-30T13:44:33Z,0,8
user_33817,maju gentar bela yg bayar rs,2025-04-30T13:44:27Z,0,8
user_33818,rs skripsi ugm rs menuduh ijasah jokowi palsu,2025-04-30T13:44:26Z,1,8
user_33911,rs berbalik omon,2025-04-30T13:42:12Z,0,8
user_33965,kasusnya sebenernyaa ga rs lupa yaa wkwkwkwk,2025-04-30T13:41:23Z,0,8
user_33996,rs luh trllu bnyk bacot bentar lg pindah alam,2025-04-30T13:40:47Z,0,8
user_34004,rs mencari kambing hitam panik,2025-04-30T13:40:37Z,0,8
user_34054,rs hebat mantan napi alias resudivis so slow aja,2025-04-30T13:39:13Z,0,8
user_34081,rs org stressss hahahhahahaha,2025-04-30T13:38:42Z,0,8
user_34154,rs introspeksi mengenal tau jgn,2025-04-30T13:37:22Z,0,8
user_33799,rs trondol emang orang masuk penjara kawan nya,2025-04-30T13:37:08Z,0,8
user_34199,cocote rs koyo silet jaran,2025-04-30T13:36:38Z,0,8
user_34225,selamat pke baju oren lg rs kawan pemfitnah rindu baju oren mgkn,2025-04-30T13:36:06Z,0,8
user_34231,rs omong kejujuran panci aja gk kembalikan,2025-04-30T13:35:59Z,0,8
user_34242,rs tolong tanyain ijazah asli nya prabowo ya berani ngelas ngeles ya trus nyasar ugm nya,2025-04-30T13:35:47Z,0,8
user_34317,playing victim si pecundang rs bilang mantan presiden mempidanakan emak memikirkan akibat kebohongannya ranah publik sok berani sok kuat ntar mewek trs bilang dikriminalisasikita tonton aja ugm malu mahasiswa jahat rs,2025-04-30T13:34:18Z,1,8
user_34336,kyaknya rs nyusul bambang tri mantabs,2025-04-30T13:34:02Z,0,8
user_34385,masyarakat mendukung jokowi melaporkan kalain rs,2025-04-30T13:33:07Z,0,8
user_34242,kali rs ngomong ga pa pdhal,2025-04-30T13:32:12Z,0,8
user_34085,jebloskan rs pakar telepancika hotel prodeo bikin ricuh penyebar hoax,2025-04-30T13:31:31Z,0,8
user_34556,klarifikasi rektor dekan ugm dianggap angin rs rektor dekan ugm vs rs cs jokowi tinggal duduk manis hihihihi,2025-04-30T13:30:05Z,0,8
user_34574,emng rs mencari ijazah presiden,2025-04-30T13:29:43Z,0,8
user_34577,kerjaan pancen si rs kui motifnya coba,2025-04-30T13:29:38Z,0,8
user_34546,meragukan ijazah rs ugm,2025-04-30T13:28:54Z,0,8
user_34627,sebel yaa denger rs bilang mantan presiden mempidanakan nya cari duluan yaudah tanggung konsekuensinya berani berstatement berani bertanggung giliran dilaporin bilang mempidanakan kesannya masyarakat berfikir jw tega melaporkan mendukung diikuti proses hukumnya menggiring menjatuhkan harga rs dkk membuktikan penelitian ilmiahnya jw berhak membuktikan kawal prosesnya nnt terbukti ijazah skripsi dllnya asli palsu,2025-04-30T13:28:43Z,0,8
user_34676,mukanya rs cemen alasannya mantan presiden mempidanakan rs nglantur dukung rs dkk masuk penjara,2025-04-30T13:27:54Z,0,8
user_34242,tetep nyinyir si rs yaaaa,2025-04-30T13:25:26Z,0,8
user_35047,rs org licik skt hati,2025-04-30T13:21:54Z,0,8
user_35137,rs menciutt,2025-04-30T13:20:16Z,0,8
user_35211,rs mencari empati masyarakat ketahuan borok nya,2025-04-30T13:19:07Z,0,8
user_35281,hahahaha rs maen simpati pidanakan,2025-04-30T13:18:11Z,0,8
user_35364,rakyat indonesia knp percaya dgn rs jejak digital rs koruptor uang negara uang rakyat sadarlah yg percaya rs,2025-04-30T13:16:45Z,0,8
user_35376,rs ngomongnya jaði gemetaraj,2025-04-30T13:16:33Z,0,8
user_35451,seklas rs gt udh ditujukin yg asli curiga hati pakai batu karang,2025-04-30T13:15:13Z,0,8
user_35454,uang milyar rs bahasanya muter muter ijazah gesee skripsi,2025-04-30T13:15:10Z,0,8
user_35474,ayooo maju bg rs kebenaran smoga terbongkar terungkap dgn jujur adil,2025-04-30T13:14:50Z,0,8
user_35476,rs termakan pancing,2025-04-30T13:14:47Z,0,8
user_35510,membungkam org org rs ya suruh omong sepuasnya pidanakan cerdik cerdas jokowi mengajarkan mikir omong,2025-04-30T13:14:13Z,0,8
user_35740,kasihan yah keliatan tertekan udah kena mental si rs bentar lg masuk rs,2025-04-30T13:10:18Z,0,8
user_35741,emang kalo ibuk ibuk nggak kena hukum lihat lihat kelakuannya rs rs,2025-04-30T13:10:16Z,0,8
user_35846,rs ngawur,2025-04-30T13:08:40Z,0,8
user_35869,menuntut rs polisi piye bro,2025-04-30T13:08:22Z,0,8
user_35957,pnjara kyk nya rs,2025-04-30T13:06:55Z,0,8
user_36009,rs anak durhaka ugm,2025-04-30T13:06:15Z,0,8
user_36032,judulnya kenak deh rs cs,2025-04-30T13:05:46Z,0,8
user_36145,rs pakar telematika hahaha preeeet pakar telenovela iya hahaha,2025-04-30T13:04:00Z,1,8
user_36162,gasabar nunggu rs pakai baju oren,2025-04-30T13:03:46Z,0,8
user_36167,bawa rs jiwa ngeyeel ribet klo dasar benci ya sibuk usil dgn orang,2025-04-30T13:03:40Z,0,8
user_36192,rs sengkuni indonesia,2025-04-30T13:02:56Z,0,8
user_36328,muak lihat rs giliran laporkan bnyak kriminalisasi,2025-04-30T13:00:24Z,0,8
user_36340,iyah biar masyarakat kalo lu rs tuh aneeh sih gua bingung dah rs kangen kali kamar pancinya lupa dibawa kali disana kalo ga pancinya disewain disana pengen uangnya yak,2025-04-30T13:00:10Z,0,8
user_36357,biji kau rs tukang fitnah olah orang salah,2025-04-30T12:59:50Z,0,8
user_35756,kayak rs benci banget jkw,2025-04-30T12:58:22Z,0,8
user_36440,pk jokowi menunjukan jazahnya sedari gk yg terancam pidana gittukan maksud rs,2025-04-30T12:58:09Z,0,8
user_36475,kasihan gw sii rs statememt scra tdk lngsung mnta belas kasihan laporkan dng udh berani bertindak yaa hrus fight rs panci dlu a cari hidup tenang cari penyakit,2025-04-30T12:57:28Z,0,8
user_36488,masyaraka menilai rs panci,2025-04-30T12:57:15Z,0,8
user_36490,sm mns spt rs dn grmbln ga penjarakan titik,2025-04-30T12:57:14Z,0,8
user_36502,rs pakar telematika catat,2025-04-30T12:57:02Z,0,8
user_36525,waduhh ngumpul orang rs sejenisny pembenci jkw orngny sj,2025-04-30T12:56:40Z,0,8
user_36557,belagu banget si rs,2025-04-30T12:56:01Z,0,8
user_36568,penjarakan rs dkk,2025-04-30T12:55:49Z,0,8
user_36634,rs bicara ga jls,2025-04-30T12:54:19Z,0,8
user_36637,rs ketar ketir mimik mukanya,2025-04-30T12:54:13Z,0,8
user_36642,lihat sja yg penipu abalone rs jkw,2025-04-30T12:54:07Z,0,8
user_36659,rs darah biru darahnya suka mendidih,2025-04-30T12:53:40Z,0,8
user_36670,ugm laporkan rs meragukan universitas ternama indo diobok obok,2025-04-30T12:53:28Z,0,8
user_36768,penipu penipu menutupi tipuan tipuan sehat mas rs,2025-04-30T12:51:37Z,1,8
user_36801,mikir roy suryo masuk perangkap ya memakan umpan disiapkan endingnya ijazah nya asli rs kawan tahanan,2025-04-30T12:50:49Z,0,8
user_36811,masuk kayanya orang rs rs,2025-04-30T12:50:37Z,0,8
user_36840,buktikan asli ya jebloskan rs dkk penjara palsu ya jokowi jebloskan penjara adil,2025-04-30T12:50:02Z,0,8
user_36926,rs pura pura gembira pinter freming dasar panci,2025-04-30T12:48:01Z,0,8
user_36952,perusak bangsa rs egi amin rais masuk penjara sujud syukur,2025-04-30T12:47:38Z,0,8
user_36988,terbukti asli ku harap kau rs jgn kriminalisasi,2025-04-30T12:46:37Z,0,8
user_36996,rs gemetar,2025-04-30T12:46:26Z,0,8
user_37012,masyarakat menilai rs masuk bui,2025-04-30T12:44:10Z,0,8
user_37133,mending rs d hypnotis trs d kejujurannya ngotot menjatuhkan jokowi kl berani d libe d siaran tv biar rakyat indonesia motif rs,2025-04-30T12:42:24Z,0,8
user_37163,rs temanx bui penjara,2025-04-30T12:41:46Z,0,8
user_37222,rs percaya kpu d meneliti ijasah jokowi pencalonannya walkot gub presiden,2025-04-30T12:40:01Z,0,8
user_37258,rs ahli abal teletubbies,2025-04-30T12:38:50Z,0,8
user_37275,rs tdk pekerjaan berbuat bangsa negara,2025-04-30T12:38:28Z,0,8
user_37468,rs klo menang tertawa klo kalah kriminilaisasi hukum dasar pakar pakaran,2025-04-30T12:32:22Z,0,8
user_37474,ahhhhh ngeles aja luh bacot masyarakat indonesia termakan bualan lu rs dkk,2025-04-30T12:32:05Z,0,8
user_37499,otakmu yg palsu rs,2025-04-30T12:30:42Z,0,8
user_37578,rs masuk trap,2025-04-30T12:27:29Z,0,8
user_37626,rs honda tipe terbaik tipe,2025-04-30T12:25:05Z,0,8
user_37673,grup rs cari kesalahan klu jokowi langsung tunjukkin ijazah nya,2025-04-30T12:21:07Z,0,8
user_37691,asyiiik rs terkenal nih terkenal ahli ngarang ahli goyang lidah,2025-04-30T12:19:37Z,8,8
user_37692,rs rumah sakit kejiwaannya,2025-04-30T12:19:28Z,0,8
user_70,matanya si rs kayak orang yg mabuk,2025-05-08T07:20:24Z,0,8
user_121,kasih pelajaran rs cs,2025-05-07T05:17:56Z,0,8
user_304,audah membuka takut dilaporkan wkwkwk rs laen manusianya,2025-05-06T00:48:12Z,0,8
user_319,gak sabar manusia manusia berhati dengki tifa rs cepat cepat,2025-05-06T00:07:04Z,0,8
user_427,rs diperiksa psikiater masuk kategori waras,2025-05-05T15:00:31Z,0,8
user_708,mampus lho rs cs jeruji menunggumu bermalam ahahahaha,2025-05-05T11:00:42Z,0,8
user_756,rs tipa biar ndekem bpenjara,2025-05-05T10:34:56Z,0,8
user_782,rs th aja cukur gundul rambut yg gundul,2025-05-05T10:22:56Z,0,8
user_878,rs dkk udah gak enak makan tidur nyenyak,2025-05-05T09:37:56Z,6,8
user_93,yg bikin onar rs cs,2025-05-25T12:42:00Z,0,8
user_745,rs cs kelimpungan cari pembelaan,2025-05-05T12:46:27Z,0,8
user_407,menunjukan gk rs cs berhenti memfitnah menuduh memprovokasi medsos shg sadar rs cs menggali lubang kubur nya tunggu menggandeng oknum utk masuk jebakan rs cs skrg udah cari kambinghitam paaaraaah setlah terbukti bersalah ugm cabut ijasah rs cs,2025-05-25T06:42:00Z,0,8
user_513,rs cs bikin narasi jkw tdk kuliah ugm udah gila kali ya,2025-05-24T13:59:27Z,0,8
user_574,voting rs dkk dipenjara dipenjara dipenjara,2025-05-24T07:46:25Z,0,8
user_699,jeruji penjara rs dt cs dkk nya fitnahan tuduhan salah,2025-05-23T15:09:39Z,0,8
user_711,jokowi sabar coba era pk harto org rs psti gk tercium jejaknya,2025-05-23T13:53:14Z,0,8
user_1004,tu denger bro rs jkw asli ijasah ugm,2025-05-22T11:03:58Z,0,8
user_1029,rs cs bkn berdasarkan fakta tp berdasarkan benci sm pk jokowi,2025-05-22T09:44:38Z,0,8
user_1041,matek rs,2025-05-22T08:20:26Z,0,8
user_1125,kasihan org jd repot krn ulah rs cs menerima taburan kebencian yg tebarkan sebarkan amin,2025-05-22T00:19:14Z,0,8
user_1617,rs bener pokoknya ugm ijazahnya palsu,2025-05-19T16:34:18Z,0,8
user_1677,buka mata sih rs dkk masuk penjara manusia biadab pekerjaan tukang fitnah sepeleh cuman dibesar besarkan pembenci jokowi sakit hati menerima hasil pilpres pengaruh jokowi dicintai mayoritas rakyat indonesia media menanggapi berita krna bikin gadu sih rs dkk menerima ganjarannya yg setimpal nnti,2025-05-19T13:18:21Z,1,8
user_1737,smkin klhtan barisan pmbhng ttp sja sebelah rs cs,2025-05-19T11:04:51Z,0,8
user_1818,kalangan akademisi terkecoh dgn penelitian rs yg sumber data sampah,2025-05-19T08:12:07Z,0,8
user_2049,taps mantaps rs dkk suru taman safary ngomng hewan yg lindungi,2025-05-19T03:53:27Z,0,8
user_2103,tenggelamkan rs cs i jokowi,2025-05-19T02:25:35Z,0,8
user_2245,rs cs perbuatan menyenangkan merendahkan orang rs cs berbohong publik merendahkan ugm lembaga pendidikan resmi negara hotel menunggu,2025-05-18T18:51:55Z,0,8
user_2383,rs dkk tuh tuh ijazah jokowi asli cuman tuh sengaja merusak citra jokowi jelek n bully rakyat indonesia rs dkk tuh dendam pribadi kayaknya si rs sdh tdk pakai lg zaman jokowi rs orgnya gitu pantes aja kabinet jokowi rs tdk pakai,2025-05-18T12:27:09Z,0,8
user_2437,jokowi rs dibui,2025-05-18T11:19:52Z,0,8
user_2523,apapun fakta yg kelompok rs cs pendukungnya gak sadar cari alibi basic kebencian,2025-05-18T09:43:49Z,0,8
user_2633,pokok rs cs masuk bui m,2025-05-18T07:35:25Z,0,8
user_2873,dibuktikan apapun pembenci gak percaya bener jokowi rs cs dimasukan pnjara,2025-05-18T03:25:35Z,2,8
user_3347,udah asli aparat imigrasi aja jgn sampe si rs dkk kabur negeri mrk yg memfitnah jkw hrs hukum maksimal krn firnah lbh kejam dr pembunuhan,2025-05-17T20:16:47Z,0,8
user_3506,gk bkl percaya si rs sm gerombolan nya mah,2025-05-17T16:59:05Z,1,8
user_3731,tidur gak tuh rs tf,2025-05-17T15:33:21Z,1,8
user_3770,rs ketar ketir jeruji,2025-05-17T15:18:35Z,5,8
user_3799,kapok kon rs,2025-05-17T15:11:28Z,0,8
user_4102,ijazah rs aja yg beda,2025-05-17T14:00:46Z,0,8
user_4103,temen nya yg ngomong ttp ja si rs temen nya gk percaya,2025-05-17T14:00:24Z,0,8
user_4158,bau tersangka rs cs,2025-05-17T13:48:52Z,0,8
user_4559,periksa ijazah jokowi periksa kewarasan jiwa rs,2025-05-17T13:00:58Z,0,8
user_5024,rs panik,2025-05-17T12:25:49Z,0,8
user_5255,rs kawan kawan tidur tenang,2025-05-17T12:12:03Z,0,8
user_5653,rs dkk gak percaya,2025-05-17T11:39:56Z,0,8
user_5676,semenjak ugm mengakui jokowi mantan anak asuhnya ijazah jokowi selesai tuan rs cs mengoar ngoarkan pendapatnya mencari dukungan menghakimi kebenaran temuannya bertarung ugm vs tuan rs cs tuan rs cs kuat menghadapi ugm dokumen foto dsb saksi dosen teman teman seangkatan jokowi dimiliki ugm tuan rs cs kekuatan tuan rs cs bui,2025-05-17T11:37:03Z,0,8
user_5706,alumni seangkatan jokowi tampil dipenghujung rs ditersangkakan,2025-05-17T11:34:11Z,0,8
